pattern_hash;pattern_string;pattern_length;operator_count;occurrence_count;unique_template_count;avg_mre
895c6e8c1a30a094329d71cef3111fbd;Hash Join -> [Seq Scan (Outer), Hash (Inner)];2;3;364;9;64.53733705272981
3aab37bea1a884da206eb32f2c1ae5ba;Hash -> Seq Scan (Outer);2;2;336;8;262.13588947793056
1d35fb978b379d4a820897907e56ab7b;Sort -> Aggregate (Outer);2;2;192;8;0.15509705922817477
7df893ad48ca148008fc536ad76ff48a;Hash -> Hash Join (Outer);2;2;172;4;35.95358752898048
2724c08067c017e6455632f46231780c;Aggregate -> Gather Merge (Outer);2;2;168;7;0.14989799844979507
f4cb205adfd108034c883c87871a6da8;Hash Join -> [Seq Scan (Outer), Hash -> Seq Scan (Outer) (Inner)];3;4;168;6;139.16755124913232
bb9308256700fc12e4125487e887832e;Hash Join -> [Seq Scan (Outer), Hash -> Hash Join (Outer) (Inner)];3;4;148;4;0.5086707871253505
c0a8d3deb0fdb169e0a08bb071cd8160;Hash -> Hash Join -> [Seq Scan (Outer), Hash (Inner)] (Outer);3;4;148;4;41.771896459306056
4fc84c77ced18a46514c982f23f12deb;Aggregate -> Gather (Outer);2;2;144;6;0.16104872128603448
2e0f44eff91c745724a56159cf7e0d6f;Hash Join -> [Nested Loop (Outer), Hash (Inner)];2;3;144;5;0.9005670501707866
3cfa90d7df3cd40936e985146fc5ec76;Nested Loop -> [Hash Join (Outer), Index Scan (Inner)];2;3;140;5;0.03370556873824866
37515ad868a103fed23cf07c65b8a248;Hash Join -> [Seq Scan (Outer), Hash -> Hash Join -> [Seq Scan (Outer), Hash (Inner)] (Outer) (Inner)];4;6;124;4;0.571982433382083
e0e3c3e1b229568ff01695a42f46d8ea;Nested Loop -> [Hash Join -> [Seq Scan (Outer), Hash (Inner)] (Outer), Index Scan (Inner)];3;5;116;5;0.0289620233073725
1691f6f0dbbde049f7f6b5d065d62f74;Gather Merge -> Sort (Outer);2;2;96;4;0.09210209001266496
3e2d5a00246ff56483c16003698d4917;Sort -> Hash Join (Outer);2;2;96;4;0.19973512908334967
634cdbe24fda21720ccd3dc746d5c979;Gather -> Aggregate (Outer);2;2;96;4;0.16872025884839262
29ee00dbeea63ba27a7d0fe66bc67b49;Aggregate -> Gather Merge -> Sort (Outer) (Outer);3;3;96;4;0.08915180572133612
a5f39f08c510532e02e96e109e48c0cd;Aggregate -> Gather -> Aggregate (Outer) (Outer);3;3;96;4;0.1846510331856115
c53c43965386239f53c764b9a60720dd;Nested Loop -> [Seq Scan (Outer), Index Scan (Inner)];2;3;96;4;1.4507716959663188
a54055cece1adb617abae41ca3244142;Hash -> Hash Join -> [Seq Scan (Outer), Hash -> Seq Scan (Outer) (Inner)] (Outer);4;5;96;3;64.27854027131305
bd9dfa7bb8f3b0473cdfb5cd4277dc3a;Nested Loop -> [Hash Join -> [Seq Scan (Outer), Hash -> Hash Join (Outer) (Inner)] (Outer), Index Scan (Inner)];4;6;92;4;0.03369015761706208
7524c54c59c38d4c931870520c264f63;Aggregate -> Hash Join (Outer);2;2;76;4;0.14861559434873675
422ae017fa27104671904e4f61703f9d;Aggregate -> Hash Join -> [Seq Scan (Outer), Hash (Inner)] (Outer);3;4;76;4;0.14861559434873675
e296a71f830144e9c017d1502a6dcc01;Limit -> Sort (Outer);2;2;72;3;0.5592581483783731
7bcfec2259bf8f077d86cc017740ebd6;Limit -> Sort -> Aggregate (Outer) (Outer);3;3;72;3;0.5592581483783731
b3a4509347209a6fe95e44fff8ff3908;Sort -> Aggregate -> Gather (Outer) (Outer);3;3;72;3;0.05256723126658774
91d6e559a346986650c19e953502114b;Sort -> Hash Join -> [Nested Loop (Outer), Hash (Inner)] (Outer);3;4;72;3;0.05231362070210237
2422d11162cb474bacd9ebfa0bc68bb2;Hash Join -> [Nested Loop -> [Hash Join (Outer), Index Scan (Inner)] (Outer), Hash -> Seq Scan (Outer) (Inner)];3;6;72;2;0.07944327607303685
545b5e576c5930d559d8e42d610637d8;Hash Join -> [Seq Scan (Outer), Hash -> Hash Join -> [Seq Scan (Outer), Hash -> Seq Scan (Outer) (Inner)] (Outer) (Inner)];5;7;72;3;0.8603250210791017
9d0e407c0aa5052a4246612a4a2e0ad2;Nested Loop -> [Hash Join -> [Seq Scan (Outer), Hash -> Hash Join -> [Seq Scan (Outer), Hash (Inner)] (Outer) (Inner)] (Outer), Index Scan (Inner)];5;8;72;3;0.03575183368214755
2e8f3f675d9e1253d227c0b1edebeefb;Gather -> Aggregate -> Hash Join (Outer) (Outer);3;3;52;3;0.15207141744424266
efde8b387936f6dfa72a80ba94a03a08;Aggregate -> Gather -> Aggregate -> Hash Join (Outer) (Outer) (Outer);4;4;52;3;0.16967856835113168
444761fbda0298231751710dd8593e72;Hash -> Hash Join -> [Seq Scan (Outer), Hash -> Hash Join (Outer) (Inner)] (Outer);4;5;52;3;0.2211694217547027
af27a52b75459a4f4068970057686d71;Gather -> Aggregate -> Hash Join -> [Seq Scan (Outer), Hash (Inner)] (Outer) (Outer);4;5;52;3;0.15207141744424266
310134da512a875c467ef0794352611a;Aggregate -> Gather -> Aggregate -> Hash Join -> [Seq Scan (Outer), Hash (Inner)] (Outer) (Outer) (Outer);5;6;52;3;0.16967856835113168
ec92bdaa27b47a2a45a6787f34350878;Hash Join -> [Seq Scan (Outer), Hash -> Hash Join -> [Seq Scan (Outer), Hash -> Hash Join (Outer) (Inner)] (Outer) (Inner)];5;7;52;3;0.17273885041697995
184f44dea835017982d512c08043f20c;Aggregate -> Seq Scan (Outer);2;2;48;2;0.1364057183583839
3754655cfe1a94f82fbddab4e376c57d;Aggregate -> Sort (Outer);2;2;48;2;0.04530889712533867
46f37744a683caa98c7864be249e8d71;Gather Merge -> Aggregate (Outer);2;2;48;2;0.07914237102120268
715d5c92d04e9fdd3e607001ad32ee57;Gather Merge -> Sort -> Aggregate (Outer) (Outer);3;3;48;2;0.11301894931197591
7d4e78be851232c5a0cc7a0cf9df4593;Hash Join -> [Hash Join (Outer), Hash (Inner)];2;3;48;2;2.3567163871234054
8a8c43c6e5296c8252f967d740368fb6;Aggregate -> Gather Merge -> Aggregate (Outer) (Outer);3;3;48;2;0.05721481572703
98d4ff98a85ecf333b0de5d4f060d098;Gather Merge -> Sort -> Hash Join (Outer) (Outer);3;3;48;2;0.07118523071335402
ddb1e0cae6d1724880dfc741b2555585;Sort -> Aggregate -> Gather Merge (Outer) (Outer);3;3;48;2;0.3322334421949632
e6c1e0d80e32f1143d09cc88a08370bd;Gather Merge -> Aggregate -> Sort (Outer) (Outer);3;3;48;2;0.07914237102120268
25df29b5b69835d07c0d8b72b0e46a3b;Limit -> Sort -> Aggregate -> Gather (Outer) (Outer) (Outer);4;4;48;2;0.6829901027235438
460af52cdecd0ba229546017c25fee3b;Aggregate -> Gather Merge -> Aggregate -> Sort (Outer) (Outer) (Outer);4;4;48;2;0.05721481572703
b149ff282ebc2d2b2e199afbf6e167c9;Aggregate -> Gather Merge -> Sort -> Hash Join (Outer) (Outer) (Outer);4;4;48;2;0.08999801905295124
f8231c4dd4c57d8a84a6ba0a53bdb42d;Aggregate -> Gather Merge -> Sort -> Aggregate (Outer) (Outer) (Outer);4;4;48;2;0.08830559238972098
3c6d80067ee1c8bfc0ff6ec2ffb502e3;Gather Merge -> Sort -> Hash Join -> [Nested Loop (Outer), Hash (Inner)] (Outer) (Outer);4;5;48;2;0.07118523071335402
4e54d6840808c7462fac1fcda97b3d9b;Aggregate -> Hash Join -> [Seq Scan (Outer), Hash -> Seq Scan (Outer) (Inner)] (Outer);4;5;48;2;0.2021163100664237
2873b8c3a1759afe345ffbdfc9bdcba7;Hash Join -> [Nested Loop -> [Seq Scan (Outer), Index Scan (Inner)] (Outer), Hash -> Seq Scan (Outer) (Inner)];3;6;48;2;2.5502432201307887
30d6e09bdb501c499cb36578168e324f;Hash Join -> [Hash Join -> [Nested Loop (Outer), Hash (Inner)] (Outer), Hash -> Seq Scan (Outer) (Inner)];3;6;48;2;2.3567163871234054
422b9b8c0f34b5a74aeec7b834afb9ea;Gather -> Aggregate -> Hash Join -> [Seq Scan (Outer), Hash -> Seq Scan (Outer) (Inner)] (Outer) (Outer);5;6;48;2;0.1418364742783151
53f9aa07d73657d04951f9bbdd83fef8;Aggregate -> Gather Merge -> Sort -> Hash Join -> [Nested Loop (Outer), Hash (Inner)] (Outer) (Outer) (Outer);5;6;48;2;0.08999801905295124
12e6457cd65bdff467be29a8e3d0b807;Sort -> Hash Join -> [Nested Loop -> [Hash Join (Outer), Index Scan (Inner)] (Outer), Hash -> Seq Scan (Outer) (Inner)] (Outer);4;7;48;2;0.058339597897179137
314469b03cc9f414eec95f78c85c73f5;Hash -> Hash Join -> [Seq Scan (Outer), Hash -> Hash Join -> [Seq Scan (Outer), Hash (Inner)] (Outer) (Inner)] (Outer);5;7;48;2;0.17163764603932308
f8295d8b477b477dfdc9391679ee0626;Aggregate -> Gather -> Aggregate -> Hash Join -> [Seq Scan (Outer), Hash -> Seq Scan (Outer) (Inner)] (Outer) (Outer) (Outer);6;7;48;2;0.1625686243804626
4db0722060ee43c47566ae44a34d98aa;Hash Join -> [Nested Loop -> [Hash Join -> [Seq Scan (Outer), Hash (Inner)] (Outer), Index Scan (Inner)] (Outer), Hash -> Seq Scan (Outer) (Inner)];4;8;48;2;0.0774819636681166
54cb7f90c390f02e0b015342853386d0;Hash -> Hash Join -> [Seq Scan (Outer), Hash -> Hash Join -> [Seq Scan (Outer), Hash -> Seq Scan (Outer) (Inner)] (Outer) (Inner)] (Outer);6;8;48;2;0.17163764603932308
440e6274a192d28a59f1aa9e2963c5a5;Hash Join -> [Nested Loop -> [Hash Join -> [Seq Scan (Outer), Hash -> Hash Join (Outer) (Inner)] (Outer), Index Scan (Inner)] (Outer), Hash -> Seq Scan (Outer) (Inner)];5;9;48;2;0.0774819636681166
5bfce15946616546d0be06b28c79e909;Nested Loop -> [Hash Join -> [Seq Scan (Outer), Hash -> Hash Join -> [Seq Scan (Outer), Hash -> Hash Join (Outer) (Inner)] (Outer) (Inner)] (Outer), Index Scan (Inner)];6;9;48;2;0.034015611355231026
7a51ce50a8f4529f944f9df797fa04b8;Hash Join -> [Hash Join -> [Nested Loop -> [Seq Scan (Outer), Index Scan (Inner)] (Outer), Hash -> Seq Scan (Outer) (Inner)] (Outer), Hash -> Seq Scan (Outer) (Inner)];4;9;48;2;2.3567163871234054
e1d7e5b4b64fa2791f32be783ffb6013;Hash Join -> [Seq Scan (Outer), Hash -> Hash Join -> [Seq Scan (Outer), Hash -> Hash Join -> [Seq Scan (Outer), Hash (Inner)] (Outer) (Inner)] (Outer) (Inner)];6;9;48;2;0.14208250580752763
c302739ba5fe522ac572bfdbdd8c26e9;Hash Join -> [Seq Scan (Outer), Hash -> Hash Join -> [Seq Scan (Outer), Hash -> Hash Join -> [Seq Scan (Outer), Hash -> Seq Scan (Outer) (Inner)] (Outer) (Inner)] (Outer) (Inner)];7;10;48;2;0.14208250580752763
ef93d4fc6e5b9506d1cf51950a1c2be7;Nested Loop -> [Hash Join -> [Seq Scan (Outer), Hash -> Hash Join -> [Seq Scan (Outer), Hash -> Hash Join -> [Seq Scan (Outer), Hash (Inner)] (Outer) (Inner)] (Outer) (Inner)] (Outer), Index Scan (Inner)];7;11;48;2;0.034015611355231026
f4603221ed908983d5775a3734bacac0;Hash Join -> [Nested Loop -> [Hash Join -> [Seq Scan (Outer), Hash -> Hash Join -> [Seq Scan (Outer), Hash (Inner)] (Outer) (Inner)] (Outer), Index Scan (Inner)] (Outer), Hash -> Seq Scan (Outer) (Inner)];6;11;48;2;0.0774819636681166
3d4c3db9a0977643bddc82d44c93492c;Hash Join -> [Nested Loop -> [Hash Join -> [Seq Scan (Outer), Hash -> Hash Join -> [Seq Scan (Outer), Hash -> Hash Join (Outer) (Inner)] (Outer) (Inner)] (Outer), Index Scan (Inner)] (Outer), Hash -> Seq Scan (Outer) (Inner)];7;12;48;2;0.0774819636681166
5ae97df8a6895acd1a7e15f6e5b6f95f;Nested Loop -> [Hash Join -> [Seq Scan (Outer), Hash -> Hash Join -> [Seq Scan (Outer), Hash -> Hash Join -> [Seq Scan (Outer), Hash -> Seq Scan (Outer) (Inner)] (Outer) (Inner)] (Outer) (Inner)] (Outer), Index Scan (Inner)];8;12;48;2;0.034015611355231026
9ce781b0006e0486de27d9cf912f5f3b;Hash Join -> [Nested Loop -> [Hash Join -> [Seq Scan (Outer), Hash -> Hash Join -> [Seq Scan (Outer), Hash -> Hash Join -> [Seq Scan (Outer), Hash (Inner)] (Outer) (Inner)] (Outer) (Inner)] (Outer), Index Scan (Inner)] (Outer), Hash -> Seq Scan (Outer) (Inner)];8;14;48;2;0.0774819636681166
a95bee4e9ae59bc7fb7a48a1a7973a31;Hash Join -> [Nested Loop -> [Hash Join -> [Seq Scan (Outer), Hash -> Hash Join -> [Seq Scan (Outer), Hash -> Hash Join -> [Seq Scan (Outer), Hash -> Seq Scan (Outer) (Inner)] (Outer) (Inner)] (Outer) (Inner)] (Outer), Index Scan (Inner)] (Outer), Hash -> Seq Scan (Outer) (Inner)];9;15;48;2;0.0774819636681166
3b44787560c64172b4501d3cae04fd1b;Aggregate -> Nested Loop (Outer);2;2;44;2;0.042148295067115156
263b40d63271a235aa58b947cdacb25e;Sort -> Nested Loop (Outer);2;2;24;1;0.06611140580679857
3d5edd2b85801ffb73a5941058b71c4a;Aggregate -> Aggregate (Outer);2;2;24;1;0.06482876438904205
3e579ee914617f81b698af0622b89162;Hash -> Aggregate (Outer);2;2;24;1;0.930709811505769
44ca42dfd8348e604ffe229fb16f8b3d;Gather Merge -> Incremental Sort (Outer);2;2;24;1;0.5233516632592351
5437ac31dfd6773490c8a4b30546b838;Gather -> Hash Join (Outer);2;2;24;1;0.030934519992624643
694ae2c30b44b8e21dd83c29effb0b4b;Gather -> Nested Loop (Outer);2;2;24;1;0.07816222318157293
8a78742e1afb1c486a97773b65e3888f;Incremental Sort -> Nested Loop (Outer);2;2;24;1;0.005575345963012968
a02337a9f690e37c8a62cfa1c9838cfb;Aggregate -> Index Scan (Outer);2;2;24;1;0.6343521709851264
be4808de7f9a47aadf39329d5c347f27;Sort -> Seq Scan (Outer);2;2;24;1;13.874457594509257
deb558a9002117c419af6559ba19ef08;Hash -> Index Only Scan (Outer);2;2;24;1;0.11230557987272238
071a1ee51957c11275fcdf6a16992ea8;Aggregate -> Gather -> Nested Loop (Outer) (Outer);3;3;24;1;0.12216113956426562
10e10cd477d96a0b6148c9b09756d8f6;Gather -> Aggregate -> Seq Scan (Outer) (Outer);3;3;24;1;0.19041296536208016
20547233d974f6cfe8d1ad975652fd7e;Aggregate -> Gather Merge -> Incremental Sort (Outer) (Outer);3;3;24;1;0.5782491348091611
284f5967b2d4d51ba3d92991ca15cc08;Aggregate -> Gather -> Hash Join (Outer) (Outer);3;3;24;1;0.10552705540949542
35ffb64405c972adec2b1bd3878a66ec;Sort -> Aggregate -> Aggregate (Outer) (Outer);3;3;24;1;0.17577112788553598
4b856d44f421312792e2ac1665cc79be;Nested Loop -> [Merge Join (Outer), Index Scan (Inner)];2;3;24;1;0.5296104436829143
56dc70e52e2e38bad09b7f632f33eafe;Merge Join -> [Sort (Outer), Sort (Inner)];2;3;24;1;0.005561647660707253
57bf6442d3282a7b0705dc05918ee3dc;Aggregate -> Aggregate -> Hash Join (Outer) (Outer);3;3;24;1;0.06482876438904205
81649f1e506daaf7e0bd6095fc21f59f;Hash -> Aggregate -> Index Scan (Outer) (Outer);3;3;24;1;0.930709811505769
8823d1e533b78f08aa0f354626c8a895;Aggregate -> Sort -> Hash Join (Outer) (Outer);3;3;24;1;0.014642019234485415
9156106f18ff0da1aa092fd311e80ba6;Gather Merge -> Incremental Sort -> Nested Loop (Outer) (Outer);3;3;24;1;0.5233516632592351
dc1b1da732e3005de54ec0fba564f776;Sort -> Aggregate -> Seq Scan (Outer) (Outer);3;3;24;1;0.20683584293086751
f86f2b1bda05239811a81eafd18ed1d2;Sort -> Aggregate -> Nested Loop (Outer) (Outer);3;3;24;1;0.03600092481930509
fbf3ebe82183bfc7b14cdbbcd10b87e0;Aggregate -> Sort -> Nested Loop (Outer) (Outer);3;3;24;1;0.07597577501619192
108510a73baa49501f9febc7120fa757;Sort -> Hash Join -> [Seq Scan (Outer), Hash (Inner)] (Outer);3;4;24;1;0.6419996542270916
128ec77a89a13711c504c9cce0baad5e;Sort -> Aggregate -> Gather -> Nested Loop (Outer) (Outer) (Outer);4;4;24;1;0.07210568094801288
1393818c037a46a4fa619828522171f3;Gather Merge -> Sort -> Aggregate -> Nested Loop (Outer) (Outer) (Outer);4;4;24;1;0.05353165562685558
1a17c7f7e6a13bfaa140b100901075fc;Hash -> Hash Join -> [Hash Join (Outer), Hash (Inner)] (Outer);3;4;24;1;0.07401579197270554
24e458a8da0138e3e2fecf79158569f3;Hash Join -> [Seq Scan (Outer), Hash -> Index Only Scan (Outer) (Inner)];3;4;24;1;0.7619800452627875
39e55ae241dd3babd1a332a3a313446e;Gather Merge -> Aggregate -> Sort -> Hash Join (Outer) (Outer) (Outer);4;4;24;1;0.04262889365776105
3f1648ef64f53cac5002c3437a49710b;Aggregate -> Nested Loop -> [Seq Scan (Outer), Index Scan (Inner)] (Outer);3;4;24;1;0.025018268304337
42f3ebc2f7124dbdee216a4cf06b3366;Incremental Sort -> Nested Loop -> [Merge Join (Outer), Index Scan (Inner)] (Outer);3;4;24;1;0.005575345963012968
46baed7f06163b3af82c476d6c604bd1;Sort -> Aggregate -> Aggregate -> Hash Join (Outer) (Outer) (Outer);4;4;24;1;0.17577112788553598
52c5ec816a9d28d4af954e0780cc226d;Gather Merge -> Sort -> Aggregate -> Seq Scan (Outer) (Outer) (Outer);4;4;24;1;0.17250624299709624
5a10b80e7e4ab0e1124b570349d5b325;Aggregate -> Gather Merge -> Incremental Sort -> Nested Loop (Outer) (Outer) (Outer);4;4;24;1;0.5782491348091611
5b623fa1f6815fe5b37921440406e031;Sort -> Nested Loop -> [Seq Scan (Outer), Index Scan (Inner)] (Outer);3;4;24;1;0.06611140580679857
627c56191fd60670d8f9823366b2c3ed;Sort -> Aggregate -> Gather Merge -> Aggregate (Outer) (Outer) (Outer);4;4;24;1;0.05140779459200354
6abf8d661ec258b2dac841dd9547a797;Sort -> Aggregate -> Gather -> Hash Join (Outer) (Outer) (Outer);4;4;24;1;0.00846635778895781
6e659102488f10c9b275396b3849e356;Sort -> Aggregate -> Gather -> Aggregate (Outer) (Outer) (Outer);4;4;24;1;0.07712965506279253
898abd491a1ae406c1e4084944df775d;Gather Merge -> Aggregate -> Sort -> Nested Loop (Outer) (Outer) (Outer);4;4;24;1;0.11565584838464434
925caafaa36549b6e0787b2834e45faf;Gather -> Nested Loop -> [Hash Join (Outer), Index Scan (Inner)] (Outer);3;4;24;1;0.07816222318157293
9609a2d38f71aa9fed029d3760850027;Sort -> Aggregate -> Gather Merge -> Incremental Sort (Outer) (Outer) (Outer);4;4;24;1;0.6130590897979228
dd3706ac3890589c2926a68628da4037;Aggregate -> Gather -> Aggregate -> Seq Scan (Outer) (Outer) (Outer);4;4;24;1;0.21492335110827
f4d53e95ee7c005a691f33df910fefe0;Gather -> Hash Join -> [Hash Join (Outer), Hash (Inner)] (Outer);3;4;24;1;0.030934519992624643
fa8016c8914a68696596b98a773f4478;Hash Join -> [Seq Scan (Outer), Hash -> Aggregate (Outer) (Inner)];3;4;24;1;0.7446366566068376
fd858367085e17ddeebcdbba5dd3a6ac;Limit -> Sort -> Aggregate -> Gather Merge (Outer) (Outer) (Outer);4;4;24;1;0.31179423968803177
04a01b61f2bc9f0cca9afefd3d7b99e4;Limit -> Sort -> Aggregate -> Gather -> Hash Join (Outer) (Outer) (Outer) (Outer);5;5;24;1;0.711905106843953
0591a9301d04ef2641ed07194b3a2a69;Sort -> Aggregate -> Gather Merge -> Incremental Sort -> Nested Loop (Outer) (Outer) (Outer) (Outer);5;5;24;1;0.6130590897979228
183d8335d1f624f543e5eff473aa396c;Aggregate -> Gather -> Hash Join -> [Hash Join (Outer), Hash (Inner)] (Outer) (Outer);4;5;24;1;0.10552705540949542
260efc4fe3d51bc38230b7beb41a47d6;Aggregate -> Gather Merge -> Sort -> Aggregate -> Nested Loop (Outer) (Outer) (Outer) (Outer);5;5;24;1;0.03799311437841204
3dfa602528bcdf6904bb91f04862476c;Aggregate -> Gather Merge -> Sort -> Aggregate -> Seq Scan (Outer) (Outer) (Outer) (Outer);5;5;24;1;0.13861807040102994
5ad512efb527b7c7a250bd5cb3598e93;Aggregate -> Hash Join -> [Seq Scan (Outer), Hash -> Index Only Scan (Outer) (Inner)] (Outer);4;5;24;1;0.01823134038249033
6ce7e974aa30f1caf54ace9e0ea18109;Limit -> Sort -> Aggregate -> Gather Merge -> Incremental Sort (Outer) (Outer) (Outer) (Outer);5;5;24;1;0.31179423968803177
7014b260905cd26b296cae611a1bff04;Sort -> Aggregate -> Gather Merge -> Aggregate -> Sort (Outer) (Outer) (Outer) (Outer);5;5;24;1;0.05140779459200354
77cc594c6710001434f3fccb8a50d1f9;Gather Merge -> Incremental Sort -> Nested Loop -> [Merge Join (Outer), Index Scan (Inner)] (Outer) (Outer);4;5;24;1;0.5233516632592351
7b066ef450fd05f9ba4fc844e708c08d;Aggregate -> Gather -> Nested Loop -> [Hash Join (Outer), Index Scan (Inner)] (Outer) (Outer);4;5;24;1;0.12216113956426562
7b9e50b618ae255bad151ec6fe0c4a12;Merge Join -> [Sort -> Hash Join (Outer) (Outer), Sort -> Seq Scan (Outer) (Inner)];3;5;24;1;0.005561647660707253
94adff2c1d4654265d8d5eccb9b0b201;Aggregate -> Sort -> Hash Join -> [Nested Loop (Outer), Hash (Inner)] (Outer) (Outer);4;5;24;1;0.014642019234485415
a0631e2524afe27c077c5da5ab6b74c8;Aggregate -> Sort -> Nested Loop -> [Seq Scan (Outer), Index Scan (Inner)] (Outer) (Outer);4;5;24;1;0.07597577501619192
ab77776a436ba21c33077aa59d433aca;Sort -> Aggregate -> Nested Loop -> [Seq Scan (Outer), Index Scan (Inner)] (Outer) (Outer);4;5;24;1;0.03600092481930509
b68c8b9694ca5d771418ab335df27acf;Limit -> Sort -> Aggregate -> Gather -> Nested Loop (Outer) (Outer) (Outer) (Outer);5;5;24;1;0.6540750986031343
b6901c4fd264455d8bb66a793a8bbf04;Nested Loop -> [Merge Join -> [Sort (Outer), Sort (Inner)] (Outer), Index Scan (Inner)];3;5;24;1;0.5296104436829143
b692b3d907b99b4308d97ca9cc758157;Aggregate -> Gather Merge -> Aggregate -> Sort -> Nested Loop (Outer) (Outer) (Outer) (Outer);5;5;24;1;0.08603517117827646
b947fceb7ac19c3b15a5fbd6881ffd27;Sort -> Hash Join -> [Seq Scan (Outer), Hash -> Aggregate (Outer) (Inner)] (Outer);4;5;24;1;0.6419996542270916
c42cb45ae6dbce1fbe677737203cc9b9;Aggregate -> Gather Merge -> Aggregate -> Sort -> Hash Join (Outer) (Outer) (Outer) (Outer);5;5;24;1;0.028394460275783573
c50b85fa5a731a4f7f64df125bbaee66;Hash Join -> [Seq Scan (Outer), Hash -> Aggregate -> Index Scan (Outer) (Outer) (Inner)];4;5;24;1;0.7446366566068376
f62279eb12aae09c0a544f6af5bee400;Nested Loop -> [Hash Join -> [Nested Loop (Outer), Hash (Inner)] (Outer), Index Scan (Inner)];3;5;24;1;0.05663270498748344
fc9b94fb34b6e1dd17fa653e70f6995a;Aggregate -> Aggregate -> Hash Join -> [Seq Scan (Outer), Hash (Inner)] (Outer) (Outer);4;5;24;1;0.06482876438904205
14a1f63a22ce00020abbe39ed4fe093d;Gather Merge -> Aggregate -> Sort -> Hash Join -> [Nested Loop (Outer), Hash (Inner)] (Outer) (Outer) (Outer);5;6;24;1;0.04262889365776105
1e7829bf082099a21d1a855747b95d8e;Hash Join -> [Nested Loop -> [Hash Join (Outer), Index Scan (Inner)] (Outer), Hash -> Hash Join (Outer) (Inner)];3;6;24;1;0.06458603254403143
32b96b54863453fb4222169db9b2c217;Aggregate -> Aggregate -> Hash Join -> [Seq Scan (Outer), Hash -> Index Only Scan (Outer) (Inner)] (Outer) (Outer);5;6;24;1;0.06482876438904205
3a2624e204c179de1175e24b0bae88df;Gather Merge -> Aggregate -> Sort -> Nested Loop -> [Seq Scan (Outer), Index Scan (Inner)] (Outer) (Outer) (Outer);5;6;24;1;0.11565584838464434
3f59a7315f2f35c99aa0c2329a77d83f;Limit -> Sort -> Aggregate -> Gather Merge -> Incremental Sort -> Nested Loop (Outer) (Outer) (Outer) (Outer) (Outer);6;6;24;1;0.31179423968803177
41017f6645f1d492d3bfa2f7fb3371f7;Sort -> Aggregate -> Gather -> Hash Join -> [Hash Join (Outer), Hash (Inner)] (Outer) (Outer) (Outer);5;6;24;1;0.00846635778895781
6815cf8d7a8103099816626c45fbeafb;Sort -> Aggregate -> Gather Merge -> Aggregate -> Sort -> Hash Join (Outer) (Outer) (Outer) (Outer) (Outer);6;6;24;1;0.05140779459200354
6e6e949365041c9d5fcebce18353dbbc;Gather Merge -> Sort -> Aggregate -> Nested Loop -> [Seq Scan (Outer), Index Scan (Inner)] (Outer) (Outer) (Outer);5;6;24;1;0.05353165562685558
8d7fa5fd2bc1034adb4fd2309940765f;Gather -> Nested Loop -> [Hash Join -> [Seq Scan (Outer), Hash (Inner)] (Outer), Index Scan (Inner)] (Outer);4;6;24;1;0.07816222318157293
9d8bc76cb8526870dbde907b3a58239f;Nested Loop -> [Hash Join -> [Seq Scan (Outer), Hash -> Seq Scan (Outer) (Inner)] (Outer), Index Scan (Inner)];4;6;24;1;0.010837508453562439
a396b865f3fb2653793f9d7d2013ff7b;Sort -> Aggregate -> Aggregate -> Hash Join -> [Seq Scan (Outer), Hash (Inner)] (Outer) (Outer) (Outer);5;6;24;1;0.17577112788553598
ac6af82a2d694cf6a5b0ad71084dd412;Sort -> Aggregate -> Gather -> Nested Loop -> [Hash Join (Outer), Index Scan (Inner)] (Outer) (Outer) (Outer);5;6;24;1;0.07210568094801288
da164244d6be1b0f7ab8aa17b571390e;Sort -> Hash Join -> [Seq Scan (Outer), Hash -> Aggregate -> Index Scan (Outer) (Outer) (Inner)] (Outer);5;6;24;1;0.6419996542270916
e941d0ad74b0c3a8bd522851ec75c32b;Hash Join -> [Seq Scan (Outer), Hash -> Hash Join -> [Hash Join (Outer), Hash (Inner)] (Outer) (Inner)];4;6;24;1;0.18156061479890004
f7190cfeb2bddd398c3c923bb8b6d637;Incremental Sort -> Nested Loop -> [Merge Join -> [Sort (Outer), Sort (Inner)] (Outer), Index Scan (Inner)] (Outer);4;6;24;1;0.005575345963012968
fe1d68e6d07e279bf936d335d35c93d8;Aggregate -> Gather Merge -> Incremental Sort -> Nested Loop -> [Merge Join (Outer), Index Scan (Inner)] (Outer) (Outer) (Outer);5;6;24;1;0.5782491348091611
1f89191d6710460e044c0d6d8e1414d3;Gather Merge -> Incremental Sort -> Nested Loop -> [Merge Join -> [Sort (Outer), Sort (Inner)] (Outer), Index Scan (Inner)] (Outer) (Outer);5;7;24;1;0.5233516632592351
3e93cf7610f3d575b2bb88576461f18a;Gather -> Nested Loop -> [Hash Join -> [Seq Scan (Outer), Hash -> Seq Scan (Outer) (Inner)] (Outer), Index Scan (Inner)] (Outer);5;7;24;1;0.07816222318157293
4cf43b83f9f03893e3697d0bc8b59dbd;Limit -> Sort -> Aggregate -> Gather -> Hash Join -> [Hash Join (Outer), Hash (Inner)] (Outer) (Outer) (Outer) (Outer);6;7;24;1;0.711905106843953
5a77e21f7a170052d82bc013d675c535;Aggregate -> Gather -> Nested Loop -> [Hash Join -> [Seq Scan (Outer), Hash (Inner)] (Outer), Index Scan (Inner)] (Outer) (Outer);5;7;24;1;0.12216113956426562
5eedbd1bf7bcbb951c7d986a8ae8b5bf;Limit -> Sort -> Aggregate -> Gather -> Nested Loop -> [Hash Join (Outer), Index Scan (Inner)] (Outer) (Outer) (Outer) (Outer);6;7;24;1;0.6540750986031343
64890ff2dbea99720b734bedfdb8708a;Nested Loop -> [Merge Join -> [Sort -> Hash Join (Outer) (Outer), Sort -> Seq Scan (Outer) (Inner)] (Outer), Index Scan (Inner)];4;7;24;1;0.5296104436829143
729d307d21025d000bec8fe6145b1a1e;Aggregate -> Gather Merge -> Aggregate -> Sort -> Hash Join -> [Nested Loop (Outer), Hash (Inner)] (Outer) (Outer) (Outer) (Outer);6;7;24;1;0.028394460275783573
80bd802da2c75d5ea9acf8b5e473ecb8;Aggregate -> Gather Merge -> Sort -> Aggregate -> Nested Loop -> [Seq Scan (Outer), Index Scan (Inner)] (Outer) (Outer) (Outer) (Outer);6;7;24;1;0.03799311437841204
94a6aee0452fe130e9d779956d2db955;Sort -> Hash Join -> [Nested Loop -> [Hash Join (Outer), Index Scan (Inner)] (Outer), Hash -> Hash Join (Outer) (Inner)] (Outer);4;7;24;1;0.04026166631194883
9aab693e0895d87a43c34cfaadf556ae;Sort -> Aggregate -> Gather Merge -> Incremental Sort -> Nested Loop -> [Merge Join (Outer), Index Scan (Inner)] (Outer) (Outer) (Outer) (Outer);6;7;24;1;0.6130590897979228
cdf32396184bc439bc7a13249965f8b1;Merge Join -> [Sort -> Hash Join -> [Seq Scan (Outer), Hash (Inner)] (Outer) (Outer), Sort -> Seq Scan (Outer) (Inner)];4;7;24;1;0.005561647660707253
dd59eb74174fe22c5abf33b3e39a7ddd;Gather -> Hash Join -> [Hash Join -> [Nested Loop (Outer), Hash (Inner)] (Outer), Hash -> Seq Scan (Outer) (Inner)] (Outer);4;7;24;1;0.030934519992624643
f592ee114bc0abd20d7c5f6902392be9;Sort -> Aggregate -> Aggregate -> Hash Join -> [Seq Scan (Outer), Hash -> Index Only Scan (Outer) (Inner)] (Outer) (Outer) (Outer);6;7;24;1;0.17577112788553598
f9c97829f40559d1d3b74395155f8a0d;Aggregate -> Gather Merge -> Aggregate -> Sort -> Nested Loop -> [Seq Scan (Outer), Index Scan (Inner)] (Outer) (Outer) (Outer) (Outer);6;7;24;1;0.08603517117827646
fee45978658bd442d7c8384e4d60bdc2;Hash -> Hash Join -> [Hash Join -> [Nested Loop (Outer), Hash (Inner)] (Outer), Hash -> Seq Scan (Outer) (Inner)] (Outer);4;7;24;1;0.07401579197270554
0aa5463f1b91f165f60e8a19a4979344;Limit -> Sort -> Aggregate -> Gather Merge -> Incremental Sort -> Nested Loop -> [Merge Join (Outer), Index Scan (Inner)] (Outer) (Outer) (Outer) (Outer) (Outer);7;8;24;1;0.31179423968803177
21ad4177046b9e1c9ff11fed79722d60;Merge Join -> [Sort -> Hash Join -> [Seq Scan (Outer), Hash -> Aggregate (Outer) (Inner)] (Outer) (Outer), Sort -> Seq Scan (Outer) (Inner)];5;8;24;1;0.005561647660707253
3833e0183860e5407b0086cc3390c197;Aggregate -> Gather Merge -> Incremental Sort -> Nested Loop -> [Merge Join -> [Sort (Outer), Sort (Inner)] (Outer), Index Scan (Inner)] (Outer) (Outer) (Outer);6;8;24;1;0.5782491348091611
3a31b48f6c9cafeed6ea466251ee8b15;Aggregate -> Sort -> Hash Join -> [Nested Loop -> [Hash Join (Outer), Index Scan (Inner)] (Outer), Hash -> Seq Scan (Outer) (Inner)] (Outer) (Outer);5;8;24;1;0.014642019234485415
64cd7a0cd7af4552576b5746a9dd0c2b;Sort -> Aggregate -> Gather -> Nested Loop -> [Hash Join -> [Seq Scan (Outer), Hash (Inner)] (Outer), Index Scan (Inner)] (Outer) (Outer) (Outer);6;8;24;1;0.07210568094801288
814388b1cb26e634b59878893f03e743;Gather Merge -> Sort -> Hash Join -> [Nested Loop -> [Hash Join (Outer), Index Scan (Inner)] (Outer), Hash -> Hash Join (Outer) (Inner)] (Outer) (Outer);5;8;24;1;0.05995796058710417
95d67a9ec5cbc7e7f9bf42c9c0452a43;Aggregate -> Gather -> Hash Join -> [Hash Join -> [Nested Loop (Outer), Hash (Inner)] (Outer), Hash -> Seq Scan (Outer) (Inner)] (Outer) (Outer);5;8;24;1;0.10552705540949542
bf4763ca313cec615bac65a7e8fa4081;Sort -> Aggregate -> Gather Merge -> Aggregate -> Sort -> Hash Join -> [Nested Loop (Outer), Hash (Inner)] (Outer) (Outer) (Outer) (Outer) (Outer);7;8;24;1;0.05140779459200354
c5a9eefdae4cd3eb51ce7295b5b272d2;Nested Loop -> [Hash Join -> [Nested Loop -> [Hash Join (Outer), Index Scan (Inner)] (Outer), Hash -> Seq Scan (Outer) (Inner)] (Outer), Index Scan (Inner)];4;8;24;1;0.05663270498748344
c5dad7849f8d6d3c27d73dde66d985c7;Hash Join -> [Nested Loop -> [Hash Join -> [Nested Loop (Outer), Hash (Inner)] (Outer), Index Scan (Inner)] (Outer), Hash -> Seq Scan (Outer) (Inner)];4;8;24;1;0.08336590088287728
da27e563c72f304c36c006ac6ca7de16;Incremental Sort -> Nested Loop -> [Merge Join -> [Sort -> Hash Join (Outer) (Outer), Sort -> Seq Scan (Outer) (Inner)] (Outer), Index Scan (Inner)] (Outer);5;8;24;1;0.005575345963012968
db6a761fb02ee73e9edd0185315d9902;Gather Merge -> Sort -> Hash Join -> [Nested Loop -> [Hash Join (Outer), Index Scan (Inner)] (Outer), Hash -> Seq Scan (Outer) (Inner)] (Outer) (Outer);5;8;24;1;0.08241250083960384
ff421d0575f5d9359dccd784342f0159;Aggregate -> Gather -> Nested Loop -> [Hash Join -> [Seq Scan (Outer), Hash -> Seq Scan (Outer) (Inner)] (Outer), Index Scan (Inner)] (Outer) (Outer);6;8;24;1;0.12216113956426562
27c3eea91d52d70900e2c535de7eb7c4;Aggregate -> Gather Merge -> Sort -> Hash Join -> [Nested Loop -> [Hash Join (Outer), Index Scan (Inner)] (Outer), Hash -> Hash Join (Outer) (Inner)] (Outer) (Outer) (Outer);6;9;24;1;0.08052044501846545
313b221c0593a4ddf46febd403cf8fc1;Sort -> Aggregate -> Gather -> Hash Join -> [Hash Join -> [Nested Loop (Outer), Hash (Inner)] (Outer), Hash -> Seq Scan (Outer) (Inner)] (Outer) (Outer) (Outer);6;9;24;1;0.00846635778895781
49ae7e421501d613fd0ca6e92ef2ea4a;Hash Join -> [Seq Scan (Outer), Hash -> Hash Join -> [Hash Join -> [Nested Loop (Outer), Hash (Inner)] (Outer), Hash -> Seq Scan (Outer) (Inner)] (Outer) (Inner)];5;9;24;1;0.18156061479890004
58ed95a82cd6f3b0b153d1b611770b31;Sort -> Hash Join -> [Nested Loop -> [Hash Join -> [Nested Loop (Outer), Hash (Inner)] (Outer), Index Scan (Inner)] (Outer), Hash -> Seq Scan (Outer) (Inner)] (Outer);5;9;24;1;0.0999931528305777
5dab29bd7ce88eb00ac12b50af4deb9e;Merge Join -> [Sort -> Hash Join -> [Seq Scan (Outer), Hash -> Aggregate -> Index Scan (Outer) (Outer) (Inner)] (Outer) (Outer), Sort -> Seq Scan (Outer) (Inner)];6;9;24;1;0.005561647660707253
68382c9c4556c63facb4135b1840dd78;Nested Loop -> [Hash Join -> [Seq Scan (Outer), Hash -> Hash Join -> [Seq Scan (Outer), Hash -> Seq Scan (Outer) (Inner)] (Outer) (Inner)] (Outer), Index Scan (Inner)];6;9;24;1;0.03922427833598061
697afc49012cf9733bb761c1e8f1a732;Sort -> Aggregate -> Gather Merge -> Incremental Sort -> Nested Loop -> [Merge Join -> [Sort (Outer), Sort (Inner)] (Outer), Index Scan (Inner)] (Outer) (Outer) (Outer) (Outer);7;9;24;1;0.6130590897979228
757104e000b4f3202b823b9b4a4e99e3;Nested Loop -> [Merge Join -> [Sort -> Hash Join -> [Seq Scan (Outer), Hash (Inner)] (Outer) (Outer), Sort -> Seq Scan (Outer) (Inner)] (Outer), Index Scan (Inner)];5;9;24;1;0.5296104436829143
843b7fefe459a146f083ccbb66ec0563;Gather Merge -> Aggregate -> Sort -> Hash Join -> [Nested Loop -> [Hash Join (Outer), Index Scan (Inner)] (Outer), Hash -> Seq Scan (Outer) (Inner)] (Outer) (Outer) (Outer);6;9;24;1;0.04262889365776105
91ed3a4f2ee4e37828c2ca08ce2f8457;Sort -> Hash Join -> [Nested Loop -> [Hash Join -> [Seq Scan (Outer), Hash (Inner)] (Outer), Index Scan (Inner)] (Outer), Hash -> Seq Scan (Outer) (Inner)] (Outer);5;9;24;1;0.016686042963780557
c9736a936cbcfeaab07feaf6b5ef0725;Aggregate -> Gather Merge -> Sort -> Hash Join -> [Nested Loop -> [Hash Join (Outer), Index Scan (Inner)] (Outer), Hash -> Seq Scan (Outer) (Inner)] (Outer) (Outer) (Outer);6;9;24;1;0.09947559308743703
d64c42c6bb777c4d3a051e9bfcb33675;Limit -> Sort -> Aggregate -> Gather -> Nested Loop -> [Hash Join -> [Seq Scan (Outer), Hash (Inner)] (Outer), Index Scan (Inner)] (Outer) (Outer) (Outer) (Outer);7;9;24;1;0.6540750986031343
eb451e770afeb8e7c55506c2f8a90504;Sort -> Aggregate -> Gather -> Nested Loop -> [Hash Join -> [Seq Scan (Outer), Hash -> Seq Scan (Outer) (Inner)] (Outer), Index Scan (Inner)] (Outer) (Outer) (Outer);7;9;24;1;0.07210568094801288
f632c59a3fc70cdb002e14d3d26f37f9;Gather Merge -> Incremental Sort -> Nested Loop -> [Merge Join -> [Sort -> Hash Join (Outer) (Outer), Sort -> Seq Scan (Outer) (Inner)] (Outer), Index Scan (Inner)] (Outer) (Outer);6;9;24;1;0.5233516632592351
0fa218344e36f0e27b148284622dafcc;Aggregate -> Sort -> Hash Join -> [Nested Loop -> [Hash Join -> [Seq Scan (Outer), Hash (Inner)] (Outer), Index Scan (Inner)] (Outer), Hash -> Seq Scan (Outer) (Inner)] (Outer) (Outer);6;10;24;1;0.014642019234485415
702e1a46d8e499dd03cc26e754508ab9;Hash -> Hash Join -> [Hash Join -> [Nested Loop -> [Seq Scan (Outer), Index Scan (Inner)] (Outer), Hash -> Seq Scan (Outer) (Inner)] (Outer), Hash -> Seq Scan (Outer) (Inner)] (Outer);5;10;24;1;0.07401579197270554
839648da5bf15de4d43f66c61489fbe5;Gather Merge -> Sort -> Hash Join -> [Nested Loop -> [Hash Join -> [Nested Loop (Outer), Hash (Inner)] (Outer), Index Scan (Inner)] (Outer), Hash -> Seq Scan (Outer) (Inner)] (Outer) (Outer);6;10;24;1;0.08241250083960384
843f0c9af3de40cb38b099fc44e238e1;Limit -> Sort -> Aggregate -> Gather -> Hash Join -> [Hash Join -> [Nested Loop (Outer), Hash (Inner)] (Outer), Hash -> Seq Scan (Outer) (Inner)] (Outer) (Outer) (Outer) (Outer);7;10;24;1;0.711905106843953
8757732f482835a0a16463d85adb7e0c;Aggregate -> Gather Merge -> Aggregate -> Sort -> Hash Join -> [Nested Loop -> [Hash Join (Outer), Index Scan (Inner)] (Outer), Hash -> Seq Scan (Outer) (Inner)] (Outer) (Outer) (Outer) (Outer);7;10;24;1;0.028394460275783573
88cd04f5ccbd831427d960e2b2736bd5;Hash Join -> [Nested Loop -> [Hash Join -> [Seq Scan (Outer), Hash (Inner)] (Outer), Index Scan (Inner)] (Outer), Hash -> Hash Join -> [Seq Scan (Outer), Hash (Inner)] (Outer) (Inner)];4;10;24;1;0.06458603254403143
9b49df80f879ab1b2f8bfcc826cc16c7;Nested Loop -> [Hash Join -> [Nested Loop -> [Hash Join -> [Seq Scan (Outer), Hash (Inner)] (Outer), Index Scan (Inner)] (Outer), Hash -> Seq Scan (Outer) (Inner)] (Outer), Index Scan (Inner)];5;10;24;1;0.05663270498748344
ae2eedbb4c18bcbe31699807906cc5bd;Incremental Sort -> Nested Loop -> [Merge Join -> [Sort -> Hash Join -> [Seq Scan (Outer), Hash (Inner)] (Outer) (Outer), Sort -> Seq Scan (Outer) (Inner)] (Outer), Index Scan (Inner)] (Outer);6;10;24;1;0.005575345963012968
bf6e7b1024442fec07363677a674bebc;Aggregate -> Gather Merge -> Incremental Sort -> Nested Loop -> [Merge Join -> [Sort -> Hash Join (Outer) (Outer), Sort -> Seq Scan (Outer) (Inner)] (Outer), Index Scan (Inner)] (Outer) (Outer) (Outer);7;10;24;1;0.5782491348091611
c9d5d7a802bdbcb9e3b95039ff8045f5;Gather -> Hash Join -> [Hash Join -> [Nested Loop -> [Seq Scan (Outer), Index Scan (Inner)] (Outer), Hash -> Seq Scan (Outer) (Inner)] (Outer), Hash -> Seq Scan (Outer) (Inner)] (Outer);5;10;24;1;0.030934519992624643
d25d9b9fd5a8cfda1a4a2895c18f74cc;Sort -> Hash Join -> [Nested Loop -> [Hash Join -> [Seq Scan (Outer), Hash -> Hash Join (Outer) (Inner)] (Outer), Index Scan (Inner)] (Outer), Hash -> Seq Scan (Outer) (Inner)] (Outer);6;10;24;1;0.016686042963780557
ea3737caf833d467cc79f6ed0c3f82c6;Limit -> Sort -> Aggregate -> Gather -> Nested Loop -> [Hash Join -> [Seq Scan (Outer), Hash -> Seq Scan (Outer) (Inner)] (Outer), Index Scan (Inner)] (Outer) (Outer) (Outer) (Outer);8;10;24;1;0.6540750986031343
f62c331d4b087bee538675bf0ab559c1;Limit -> Sort -> Aggregate -> Gather Merge -> Incremental Sort -> Nested Loop -> [Merge Join -> [Sort (Outer), Sort (Inner)] (Outer), Index Scan (Inner)] (Outer) (Outer) (Outer) (Outer) (Outer);8;10;24;1;0.31179423968803177
f97027ec6207d1c807a33e32231566d8;Nested Loop -> [Merge Join -> [Sort -> Hash Join -> [Seq Scan (Outer), Hash -> Aggregate (Outer) (Inner)] (Outer) (Outer), Sort -> Seq Scan (Outer) (Inner)] (Outer), Index Scan (Inner)];6;10;24;1;0.5296104436829143
45158dca63e36d6d90653e30eec5bb1d;Nested Loop -> [Hash Join -> [Nested Loop -> [Hash Join -> [Seq Scan (Outer), Hash -> Hash Join (Outer) (Inner)] (Outer), Index Scan (Inner)] (Outer), Hash -> Seq Scan (Outer) (Inner)] (Outer), Index Scan (Inner)];6;11;24;1;0.05663270498748344
4de978420a3d59a45f1412d022d62956;Aggregate -> Sort -> Hash Join -> [Nested Loop -> [Hash Join -> [Seq Scan (Outer), Hash -> Hash Join (Outer) (Inner)] (Outer), Index Scan (Inner)] (Outer), Hash -> Seq Scan (Outer) (Inner)] (Outer) (Outer);7;11;24;1;0.014642019234485415
59f6581f1ee2905c4a23fd1260a3ce29;Aggregate -> Gather Merge -> Sort -> Hash Join -> [Nested Loop -> [Hash Join -> [Nested Loop (Outer), Hash (Inner)] (Outer), Index Scan (Inner)] (Outer), Hash -> Seq Scan (Outer) (Inner)] (Outer) (Outer) (Outer);7;11;24;1;0.09947559308743703
6981af52e63ca7c65a46f3ab0ada51c7;Hash Join -> [Nested Loop -> [Hash Join -> [Nested Loop -> [Hash Join (Outer), Index Scan (Inner)] (Outer), Hash -> Seq Scan (Outer) (Inner)] (Outer), Index Scan (Inner)] (Outer), Hash -> Seq Scan (Outer) (Inner)];5;11;24;1;0.08336590088287728
6b43f5a760b43ade7f372e1b027f1aa9;Sort -> Hash Join -> [Nested Loop -> [Hash Join -> [Seq Scan (Outer), Hash (Inner)] (Outer), Index Scan (Inner)] (Outer), Hash -> Hash Join -> [Seq Scan (Outer), Hash (Inner)] (Outer) (Inner)] (Outer);5;11;24;1;0.04026166631194883
739b1b7e687304e9bcfbeb8d150c80ea;Gather Merge -> Aggregate -> Sort -> Hash Join -> [Nested Loop -> [Hash Join -> [Seq Scan (Outer), Hash (Inner)] (Outer), Index Scan (Inner)] (Outer), Hash -> Seq Scan (Outer) (Inner)] (Outer) (Outer) (Outer);7;11;24;1;0.04262889365776105
8b13b27fdefa45770c9956e8e33d96eb;Sort -> Aggregate -> Gather Merge -> Incremental Sort -> Nested Loop -> [Merge Join -> [Sort -> Hash Join (Outer) (Outer), Sort -> Seq Scan (Outer) (Inner)] (Outer), Index Scan (Inner)] (Outer) (Outer) (Outer) (Outer);8;11;24;1;0.6130590897979228
9b0e5572cac935ba870b163fcbb38425;Sort -> Aggregate -> Gather Merge -> Aggregate -> Sort -> Hash Join -> [Nested Loop -> [Hash Join (Outer), Index Scan (Inner)] (Outer), Hash -> Seq Scan (Outer) (Inner)] (Outer) (Outer) (Outer) (Outer) (Outer);8;11;24;1;0.05140779459200354
a7f0dd84f5d382cd3a5d8f546881feec;Gather Merge -> Incremental Sort -> Nested Loop -> [Merge Join -> [Sort -> Hash Join -> [Seq Scan (Outer), Hash (Inner)] (Outer) (Outer), Sort -> Seq Scan (Outer) (Inner)] (Outer), Index Scan (Inner)] (Outer) (Outer);7;11;24;1;0.5233516632592351
b8f6401f8d11f409a419f5d73efb0a23;Aggregate -> Gather -> Hash Join -> [Hash Join -> [Nested Loop -> [Seq Scan (Outer), Index Scan (Inner)] (Outer), Hash -> Seq Scan (Outer) (Inner)] (Outer), Hash -> Seq Scan (Outer) (Inner)] (Outer) (Outer);6;11;24;1;0.10552705540949542
c66d3a14c228d1815f7301955e39e7a5;Incremental Sort -> Nested Loop -> [Merge Join -> [Sort -> Hash Join -> [Seq Scan (Outer), Hash -> Aggregate (Outer) (Inner)] (Outer) (Outer), Sort -> Seq Scan (Outer) (Inner)] (Outer), Index Scan (Inner)] (Outer);7;11;24;1;0.005575345963012968
d3e76c7bc82fad9a84c5806c6fbcd6ce;Nested Loop -> [Merge Join -> [Sort -> Hash Join -> [Seq Scan (Outer), Hash -> Aggregate -> Index Scan (Outer) (Outer) (Inner)] (Outer) (Outer), Sort -> Seq Scan (Outer) (Inner)] (Outer), Index Scan (Inner)];7;11;24;1;0.5296104436829143
00dd2f102b9d0f5e189b24350404850f;Aggregate -> Gather Merge -> Aggregate -> Sort -> Hash Join -> [Nested Loop -> [Hash Join -> [Seq Scan (Outer), Hash (Inner)] (Outer), Index Scan (Inner)] (Outer), Hash -> Seq Scan (Outer) (Inner)] (Outer) (Outer) (Outer) (Outer);8;12;24;1;0.028394460275783573
0564d0b3361e670c2e404e29c4e1752c;Gather Merge -> Incremental Sort -> Nested Loop -> [Merge Join -> [Sort -> Hash Join -> [Seq Scan (Outer), Hash -> Aggregate (Outer) (Inner)] (Outer) (Outer), Sort -> Seq Scan (Outer) (Inner)] (Outer), Index Scan (Inner)] (Outer) (Outer);8;12;24;1;0.5233516632592351
249a576db06a021c2a727a4f08e05e3b;Aggregate -> Gather Merge -> Incremental Sort -> Nested Loop -> [Merge Join -> [Sort -> Hash Join -> [Seq Scan (Outer), Hash (Inner)] (Outer) (Outer), Sort -> Seq Scan (Outer) (Inner)] (Outer), Index Scan (Inner)] (Outer) (Outer) (Outer);8;12;24;1;0.5782491348091611
2dab5c224010d12539ecc13fa97cfae5;Hash Join -> [Nested Loop -> [Hash Join -> [Seq Scan (Outer), Hash -> Hash Join (Outer) (Inner)] (Outer), Index Scan (Inner)] (Outer), Hash -> Hash Join -> [Seq Scan (Outer), Hash -> Seq Scan (Outer) (Inner)] (Outer) (Inner)];5;12;24;1;0.06458603254403143
2dc34d1bbfc4508526f6412a9209c8d2;Sort -> Hash Join -> [Nested Loop -> [Hash Join -> [Seq Scan (Outer), Hash -> Hash Join -> [Seq Scan (Outer), Hash (Inner)] (Outer) (Inner)] (Outer), Index Scan (Inner)] (Outer), Hash -> Seq Scan (Outer) (Inner)] (Outer);7;12;24;1;0.016686042963780557
34811571e46e4af79ee9158da68d31ce;Gather Merge -> Sort -> Hash Join -> [Nested Loop -> [Hash Join -> [Seq Scan (Outer), Hash (Inner)] (Outer), Index Scan (Inner)] (Outer), Hash -> Hash Join -> [Seq Scan (Outer), Hash (Inner)] (Outer) (Inner)] (Outer) (Outer);6;12;24;1;0.05995796058710417
449d0c127cb0697898d9f8de43e37556;Sort -> Aggregate -> Gather -> Hash Join -> [Hash Join -> [Nested Loop -> [Seq Scan (Outer), Index Scan (Inner)] (Outer), Hash -> Seq Scan (Outer) (Inner)] (Outer), Hash -> Seq Scan (Outer) (Inner)] (Outer) (Outer) (Outer);7;12;24;1;0.00846635778895781
530c011080679de64aabeb1db9666279;Limit -> Sort -> Aggregate -> Gather Merge -> Incremental Sort -> Nested Loop -> [Merge Join -> [Sort -> Hash Join (Outer) (Outer), Sort -> Seq Scan (Outer) (Inner)] (Outer), Index Scan (Inner)] (Outer) (Outer) (Outer) (Outer) (Outer);9;12;24;1;0.31179423968803177
b06f588745f681df8b46a491a97afdd4;Incremental Sort -> Nested Loop -> [Merge Join -> [Sort -> Hash Join -> [Seq Scan (Outer), Hash -> Aggregate -> Index Scan (Outer) (Outer) (Inner)] (Outer) (Outer), Sort -> Seq Scan (Outer) (Inner)] (Outer), Index Scan (Inner)] (Outer);8;12;24;1;0.005575345963012968
be705a2deac54bf5e69d17c75a41bf5d;Sort -> Hash Join -> [Nested Loop -> [Hash Join -> [Nested Loop -> [Hash Join (Outer), Index Scan (Inner)] (Outer), Hash -> Seq Scan (Outer) (Inner)] (Outer), Index Scan (Inner)] (Outer), Hash -> Seq Scan (Outer) (Inner)] (Outer);6;12;24;1;0.0999931528305777
ed7f2e45fdfc5b965868fdaa5e25434b;Hash Join -> [Seq Scan (Outer), Hash -> Hash Join -> [Hash Join -> [Nested Loop -> [Seq Scan (Outer), Index Scan (Inner)] (Outer), Hash -> Seq Scan (Outer) (Inner)] (Outer), Hash -> Seq Scan (Outer) (Inner)] (Outer) (Inner)];6;12;24;1;0.18156061479890004
f169a84a5a0d6f661353443c51711c37;Gather Merge -> Aggregate -> Sort -> Hash Join -> [Nested Loop -> [Hash Join -> [Seq Scan (Outer), Hash -> Hash Join (Outer) (Inner)] (Outer), Index Scan (Inner)] (Outer), Hash -> Seq Scan (Outer) (Inner)] (Outer) (Outer) (Outer);8;12;24;1;0.04262889365776105
053642a590feb156f6dd638dbb1ffd98;Aggregate -> Gather Merge -> Incremental Sort -> Nested Loop -> [Merge Join -> [Sort -> Hash Join -> [Seq Scan (Outer), Hash -> Aggregate (Outer) (Inner)] (Outer) (Outer), Sort -> Seq Scan (Outer) (Inner)] (Outer), Index Scan (Inner)] (Outer) (Outer) (Outer);9;13;24;1;0.5782491348091611
421ce908e6337d0de5e09b4a3f4f54d1;Aggregate -> Sort -> Hash Join -> [Nested Loop -> [Hash Join -> [Seq Scan (Outer), Hash -> Hash Join -> [Seq Scan (Outer), Hash (Inner)] (Outer) (Inner)] (Outer), Index Scan (Inner)] (Outer), Hash -> Seq Scan (Outer) (Inner)] (Outer) (Outer);8;13;24;1;0.014642019234485415
45e3e43d30e3ca747c18479799525b01;Aggregate -> Gather Merge -> Aggregate -> Sort -> Hash Join -> [Nested Loop -> [Hash Join -> [Seq Scan (Outer), Hash -> Hash Join (Outer) (Inner)] (Outer), Index Scan (Inner)] (Outer), Hash -> Seq Scan (Outer) (Inner)] (Outer) (Outer) (Outer) (Outer);9;13;24;1;0.028394460275783573
473ac852f660f8afc032b0ff310a748b;Nested Loop -> [Hash Join -> [Nested Loop -> [Hash Join -> [Seq Scan (Outer), Hash -> Hash Join -> [Seq Scan (Outer), Hash (Inner)] (Outer) (Inner)] (Outer), Index Scan (Inner)] (Outer), Hash -> Seq Scan (Outer) (Inner)] (Outer), Index Scan (Inner)];7;13;24;1;0.05663270498748344
5a24af6849767e636a12faeca22589e5;Sort -> Aggregate -> Gather Merge -> Aggregate -> Sort -> Hash Join -> [Nested Loop -> [Hash Join -> [Seq Scan (Outer), Hash (Inner)] (Outer), Index Scan (Inner)] (Outer), Hash -> Seq Scan (Outer) (Inner)] (Outer) (Outer) (Outer) (Outer) (Outer);9;13;24;1;0.05140779459200354
5f022f0dbd22c449f15a7399fd513379;Sort -> Hash Join -> [Nested Loop -> [Hash Join -> [Seq Scan (Outer), Hash -> Hash Join -> [Seq Scan (Outer), Hash -> Hash Join (Outer) (Inner)] (Outer) (Inner)] (Outer), Index Scan (Inner)] (Outer), Hash -> Seq Scan (Outer) (Inner)] (Outer);8;13;24;1;0.016686042963780557
b88a3db455449301fca85c6d65d4865a;Hash Join -> [Nested Loop -> [Hash Join -> [Nested Loop -> [Hash Join -> [Seq Scan (Outer), Hash (Inner)] (Outer), Index Scan (Inner)] (Outer), Hash -> Seq Scan (Outer) (Inner)] (Outer), Index Scan (Inner)] (Outer), Hash -> Seq Scan (Outer) (Inner)];6;13;24;1;0.08336590088287728
bef3a974c4a51702d12c8874f39136ae;Limit -> Sort -> Aggregate -> Gather -> Hash Join -> [Hash Join -> [Nested Loop -> [Seq Scan (Outer), Index Scan (Inner)] (Outer), Hash -> Seq Scan (Outer) (Inner)] (Outer), Hash -> Seq Scan (Outer) (Inner)] (Outer) (Outer) (Outer) (Outer);8;13;24;1;0.711905106843953
c4e5201726e0cfb13882cc10370321b6;Sort -> Aggregate -> Gather Merge -> Incremental Sort -> Nested Loop -> [Merge Join -> [Sort -> Hash Join -> [Seq Scan (Outer), Hash (Inner)] (Outer) (Outer), Sort -> Seq Scan (Outer) (Inner)] (Outer), Index Scan (Inner)] (Outer) (Outer) (Outer) (Outer);9;13;24;1;0.6130590897979228
cfb665706e4b945291f2de8bf0111b79;Sort -> Hash Join -> [Nested Loop -> [Hash Join -> [Seq Scan (Outer), Hash -> Hash Join (Outer) (Inner)] (Outer), Index Scan (Inner)] (Outer), Hash -> Hash Join -> [Seq Scan (Outer), Hash -> Seq Scan (Outer) (Inner)] (Outer) (Inner)] (Outer);6;13;24;1;0.04026166631194883
d8d7776116e605c5c1bd752c028a0426;Gather Merge -> Sort -> Hash Join -> [Nested Loop -> [Hash Join -> [Nested Loop -> [Hash Join (Outer), Index Scan (Inner)] (Outer), Hash -> Seq Scan (Outer) (Inner)] (Outer), Index Scan (Inner)] (Outer), Hash -> Seq Scan (Outer) (Inner)] (Outer) (Outer);7;13;24;1;0.08241250083960384
e2c63171af8e9befc157d16ed314845f;Gather Merge -> Incremental Sort -> Nested Loop -> [Merge Join -> [Sort -> Hash Join -> [Seq Scan (Outer), Hash -> Aggregate -> Index Scan (Outer) (Outer) (Inner)] (Outer) (Outer), Sort -> Seq Scan (Outer) (Inner)] (Outer), Index Scan (Inner)] (Outer) (Outer);9;13;24;1;0.5233516632592351
e89076545b62386a22798351ce17fc87;Aggregate -> Gather Merge -> Sort -> Hash Join -> [Nested Loop -> [Hash Join -> [Seq Scan (Outer), Hash (Inner)] (Outer), Index Scan (Inner)] (Outer), Hash -> Hash Join -> [Seq Scan (Outer), Hash (Inner)] (Outer) (Inner)] (Outer) (Outer) (Outer);7;13;24;1;0.08052044501846545
3d2df4348c1d80bc606e9a6c4aef10c2;Gather Merge -> Sort -> Hash Join -> [Nested Loop -> [Hash Join -> [Seq Scan (Outer), Hash -> Hash Join (Outer) (Inner)] (Outer), Index Scan (Inner)] (Outer), Hash -> Hash Join -> [Seq Scan (Outer), Hash -> Seq Scan (Outer) (Inner)] (Outer) (Inner)] (Outer) (Outer);7;14;24;1;0.05995796058710417
3f0eb9248baf909ac3a0a4d1efdd7b89;Limit -> Sort -> Aggregate -> Gather Merge -> Incremental Sort -> Nested Loop -> [Merge Join -> [Sort -> Hash Join -> [Seq Scan (Outer), Hash (Inner)] (Outer) (Outer), Sort -> Seq Scan (Outer) (Inner)] (Outer), Index Scan (Inner)] (Outer) (Outer) (Outer) (Outer) (Outer);10;14;24;1;0.31179423968803177
5d01b2402d215cd75a10f0b0b2ace629;Sort -> Hash Join -> [Nested Loop -> [Hash Join -> [Nested Loop -> [Hash Join -> [Seq Scan (Outer), Hash (Inner)] (Outer), Index Scan (Inner)] (Outer), Hash -> Seq Scan (Outer) (Inner)] (Outer), Index Scan (Inner)] (Outer), Hash -> Seq Scan (Outer) (Inner)] (Outer);7;14;24;1;0.0999931528305777
66a9830426b723016c7f05d241645ddc;Hash Join -> [Nested Loop -> [Hash Join -> [Seq Scan (Outer), Hash -> Hash Join -> [Seq Scan (Outer), Hash (Inner)] (Outer) (Inner)] (Outer), Index Scan (Inner)] (Outer), Hash -> Hash Join -> [Seq Scan (Outer), Hash -> Seq Scan (Outer) (Inner)] (Outer) (Inner)];6;14;24;1;0.06458603254403143
7f3b31ff709a3ad5334a772db77a5936;Aggregate -> Gather Merge -> Sort -> Hash Join -> [Nested Loop -> [Hash Join -> [Nested Loop -> [Hash Join (Outer), Index Scan (Inner)] (Outer), Hash -> Seq Scan (Outer) (Inner)] (Outer), Index Scan (Inner)] (Outer), Hash -> Seq Scan (Outer) (Inner)] (Outer) (Outer) (Outer);8;14;24;1;0.09947559308743703
800ffecc094a3da86b9a26c45c86c989;Hash Join -> [Nested Loop -> [Hash Join -> [Nested Loop -> [Hash Join -> [Seq Scan (Outer), Hash -> Hash Join (Outer) (Inner)] (Outer), Index Scan (Inner)] (Outer), Hash -> Seq Scan (Outer) (Inner)] (Outer), Index Scan (Inner)] (Outer), Hash -> Seq Scan (Outer) (Inner)];7;14;24;1;0.08336590088287728
9325c19d6ffba0168844d82befa533af;Aggregate -> Sort -> Hash Join -> [Nested Loop -> [Hash Join -> [Seq Scan (Outer), Hash -> Hash Join -> [Seq Scan (Outer), Hash -> Hash Join (Outer) (Inner)] (Outer) (Inner)] (Outer), Index Scan (Inner)] (Outer), Hash -> Seq Scan (Outer) (Inner)] (Outer) (Outer);9;14;24;1;0.014642019234485415
959de0c2c4611a18c7b0ea02ba12a247;Nested Loop -> [Hash Join -> [Nested Loop -> [Hash Join -> [Seq Scan (Outer), Hash -> Hash Join -> [Seq Scan (Outer), Hash -> Hash Join (Outer) (Inner)] (Outer) (Inner)] (Outer), Index Scan (Inner)] (Outer), Hash -> Seq Scan (Outer) (Inner)] (Outer), Index Scan (Inner)];8;14;24;1;0.05663270498748344
ac1e65be722d348e8d9b2db004503808;Gather Merge -> Aggregate -> Sort -> Hash Join -> [Nested Loop -> [Hash Join -> [Seq Scan (Outer), Hash -> Hash Join -> [Seq Scan (Outer), Hash (Inner)] (Outer) (Inner)] (Outer), Index Scan (Inner)] (Outer), Hash -> Seq Scan (Outer) (Inner)] (Outer) (Outer) (Outer);9;14;24;1;0.04262889365776105
b20b9f6a3b45f75c22b54828cf157168;Sort -> Aggregate -> Gather Merge -> Aggregate -> Sort -> Hash Join -> [Nested Loop -> [Hash Join -> [Seq Scan (Outer), Hash -> Hash Join (Outer) (Inner)] (Outer), Index Scan (Inner)] (Outer), Hash -> Seq Scan (Outer) (Inner)] (Outer) (Outer) (Outer) (Outer) (Outer);10;14;24;1;0.05140779459200354
f4f9ccef9a701a26d0997b3b211eb66d;Aggregate -> Gather Merge -> Incremental Sort -> Nested Loop -> [Merge Join -> [Sort -> Hash Join -> [Seq Scan (Outer), Hash -> Aggregate -> Index Scan (Outer) (Outer) (Inner)] (Outer) (Outer), Sort -> Seq Scan (Outer) (Inner)] (Outer), Index Scan (Inner)] (Outer) (Outer) (Outer);10;14;24;1;0.5782491348091611
fd242865b1e9213027f1103aabe9d178;Sort -> Aggregate -> Gather Merge -> Incremental Sort -> Nested Loop -> [Merge Join -> [Sort -> Hash Join -> [Seq Scan (Outer), Hash -> Aggregate (Outer) (Inner)] (Outer) (Outer), Sort -> Seq Scan (Outer) (Inner)] (Outer), Index Scan (Inner)] (Outer) (Outer) (Outer) (Outer);10;14;24;1;0.6130590897979228
0e38b2d05e50a5c0adf818db43832daa;Sort -> Hash Join -> [Nested Loop -> [Hash Join -> [Seq Scan (Outer), Hash -> Hash Join -> [Seq Scan (Outer), Hash -> Hash Join -> [Seq Scan (Outer), Hash (Inner)] (Outer) (Inner)] (Outer) (Inner)] (Outer), Index Scan (Inner)] (Outer), Hash -> Seq Scan (Outer) (Inner)] (Outer);9;15;24;1;0.016686042963780557
267d3d4e6cbf10ceab1785c594b8f2f2;Limit -> Sort -> Aggregate -> Gather Merge -> Incremental Sort -> Nested Loop -> [Merge Join -> [Sort -> Hash Join -> [Seq Scan (Outer), Hash -> Aggregate (Outer) (Inner)] (Outer) (Outer), Sort -> Seq Scan (Outer) (Inner)] (Outer), Index Scan (Inner)] (Outer) (Outer) (Outer) (Outer) (Outer);11;15;24;1;0.31179423968803177
6255ff628edc8aeadca60a14c87641fa;Gather Merge -> Aggregate -> Sort -> Hash Join -> [Nested Loop -> [Hash Join -> [Seq Scan (Outer), Hash -> Hash Join -> [Seq Scan (Outer), Hash -> Hash Join (Outer) (Inner)] (Outer) (Inner)] (Outer), Index Scan (Inner)] (Outer), Hash -> Seq Scan (Outer) (Inner)] (Outer) (Outer) (Outer);10;15;24;1;0.04262889365776105
759d57a40bdbc79e51965ae28f70781b;Hash Join -> [Nested Loop -> [Hash Join -> [Seq Scan (Outer), Hash -> Hash Join -> [Seq Scan (Outer), Hash -> Seq Scan (Outer) (Inner)] (Outer) (Inner)] (Outer), Index Scan (Inner)] (Outer), Hash -> Hash Join -> [Seq Scan (Outer), Hash -> Seq Scan (Outer) (Inner)] (Outer) (Inner)];7;15;24;1;0.06458603254403143
96b205059b4e77dd40d66835be598732;Aggregate -> Gather Merge -> Aggregate -> Sort -> Hash Join -> [Nested Loop -> [Hash Join -> [Seq Scan (Outer), Hash -> Hash Join -> [Seq Scan (Outer), Hash (Inner)] (Outer) (Inner)] (Outer), Index Scan (Inner)] (Outer), Hash -> Seq Scan (Outer) (Inner)] (Outer) (Outer) (Outer) (Outer);10;15;24;1;0.028394460275783573
c7b8fb6d95204f61309966584d692761;Sort -> Hash Join -> [Nested Loop -> [Hash Join -> [Nested Loop -> [Hash Join -> [Seq Scan (Outer), Hash -> Hash Join (Outer) (Inner)] (Outer), Index Scan (Inner)] (Outer), Hash -> Seq Scan (Outer) (Inner)] (Outer), Index Scan (Inner)] (Outer), Hash -> Seq Scan (Outer) (Inner)] (Outer);8;15;24;1;0.0999931528305777
c83209ef8e340583a1876543b5d10c68;Aggregate -> Gather Merge -> Sort -> Hash Join -> [Nested Loop -> [Hash Join -> [Seq Scan (Outer), Hash -> Hash Join (Outer) (Inner)] (Outer), Index Scan (Inner)] (Outer), Hash -> Hash Join -> [Seq Scan (Outer), Hash -> Seq Scan (Outer) (Inner)] (Outer) (Inner)] (Outer) (Outer) (Outer);8;15;24;1;0.08052044501846545
e32c11b57e38a70de85ee48957a5a94f;Sort -> Aggregate -> Gather Merge -> Incremental Sort -> Nested Loop -> [Merge Join -> [Sort -> Hash Join -> [Seq Scan (Outer), Hash -> Aggregate -> Index Scan (Outer) (Outer) (Inner)] (Outer) (Outer), Sort -> Seq Scan (Outer) (Inner)] (Outer), Index Scan (Inner)] (Outer) (Outer) (Outer) (Outer);11;15;24;1;0.6130590897979228
ef63c60f1d9b471c46b626b992aaa9f9;Gather Merge -> Sort -> Hash Join -> [Nested Loop -> [Hash Join -> [Nested Loop -> [Hash Join -> [Seq Scan (Outer), Hash (Inner)] (Outer), Index Scan (Inner)] (Outer), Hash -> Seq Scan (Outer) (Inner)] (Outer), Index Scan (Inner)] (Outer), Hash -> Seq Scan (Outer) (Inner)] (Outer) (Outer);8;15;24;1;0.08241250083960384
f5c4d937de6096d8533cf74c4c58caf6;Sort -> Hash Join -> [Nested Loop -> [Hash Join -> [Seq Scan (Outer), Hash -> Hash Join -> [Seq Scan (Outer), Hash (Inner)] (Outer) (Inner)] (Outer), Index Scan (Inner)] (Outer), Hash -> Hash Join -> [Seq Scan (Outer), Hash -> Seq Scan (Outer) (Inner)] (Outer) (Inner)] (Outer);7;15;24;1;0.04026166631194883
457674275c3d0d64d78d3abc1edf70c2;Sort -> Hash Join -> [Nested Loop -> [Hash Join -> [Seq Scan (Outer), Hash -> Hash Join -> [Seq Scan (Outer), Hash -> Hash Join -> [Seq Scan (Outer), Hash -> Seq Scan (Outer) (Inner)] (Outer) (Inner)] (Outer) (Inner)] (Outer), Index Scan (Inner)] (Outer), Hash -> Seq Scan (Outer) (Inner)] (Outer);10;16;24;1;0.016686042963780557
7b82db0758fdd292d2a0851a0c9745d9;Aggregate -> Sort -> Hash Join -> [Nested Loop -> [Hash Join -> [Seq Scan (Outer), Hash -> Hash Join -> [Seq Scan (Outer), Hash -> Hash Join -> [Seq Scan (Outer), Hash (Inner)] (Outer) (Inner)] (Outer) (Inner)] (Outer), Index Scan (Inner)] (Outer), Hash -> Seq Scan (Outer) (Inner)] (Outer) (Outer);10;16;24;1;0.014642019234485415
82a8bdb23568226f948eb7e010fec86f;Gather Merge -> Sort -> Hash Join -> [Nested Loop -> [Hash Join -> [Nested Loop -> [Hash Join -> [Seq Scan (Outer), Hash -> Hash Join (Outer) (Inner)] (Outer), Index Scan (Inner)] (Outer), Hash -> Seq Scan (Outer) (Inner)] (Outer), Index Scan (Inner)] (Outer), Hash -> Seq Scan (Outer) (Inner)] (Outer) (Outer);9;16;24;1;0.08241250083960384
991242c78f61464d2942ca6ccfabf57f;Gather Merge -> Sort -> Hash Join -> [Nested Loop -> [Hash Join -> [Seq Scan (Outer), Hash -> Hash Join -> [Seq Scan (Outer), Hash (Inner)] (Outer) (Inner)] (Outer), Index Scan (Inner)] (Outer), Hash -> Hash Join -> [Seq Scan (Outer), Hash -> Seq Scan (Outer) (Inner)] (Outer) (Inner)] (Outer) (Outer);8;16;24;1;0.05995796058710417
9d50c2fc965b8ce31e2d40c5e76e07f4;Hash Join -> [Nested Loop -> [Hash Join -> [Nested Loop -> [Hash Join -> [Seq Scan (Outer), Hash -> Hash Join -> [Seq Scan (Outer), Hash (Inner)] (Outer) (Inner)] (Outer), Index Scan (Inner)] (Outer), Hash -> Seq Scan (Outer) (Inner)] (Outer), Index Scan (Inner)] (Outer), Hash -> Seq Scan (Outer) (Inner)];8;16;24;1;0.08336590088287728
bdf0194d0156afa04169aa229ca01603;Sort -> Hash Join -> [Nested Loop -> [Hash Join -> [Seq Scan (Outer), Hash -> Hash Join -> [Seq Scan (Outer), Hash -> Seq Scan (Outer) (Inner)] (Outer) (Inner)] (Outer), Index Scan (Inner)] (Outer), Hash -> Hash Join -> [Seq Scan (Outer), Hash -> Seq Scan (Outer) (Inner)] (Outer) (Inner)] (Outer);8;16;24;1;0.04026166631194883
bf197fca877941eb5525c4d7daaa1236;Nested Loop -> [Hash Join -> [Nested Loop -> [Hash Join -> [Seq Scan (Outer), Hash -> Hash Join -> [Seq Scan (Outer), Hash -> Hash Join -> [Seq Scan (Outer), Hash (Inner)] (Outer) (Inner)] (Outer) (Inner)] (Outer), Index Scan (Inner)] (Outer), Hash -> Seq Scan (Outer) (Inner)] (Outer), Index Scan (Inner)];9;16;24;1;0.05663270498748344
cb7eed03dc8c960ec69d640724379546;Aggregate -> Gather Merge -> Sort -> Hash Join -> [Nested Loop -> [Hash Join -> [Nested Loop -> [Hash Join -> [Seq Scan (Outer), Hash (Inner)] (Outer), Index Scan (Inner)] (Outer), Hash -> Seq Scan (Outer) (Inner)] (Outer), Index Scan (Inner)] (Outer), Hash -> Seq Scan (Outer) (Inner)] (Outer) (Outer) (Outer);9;16;24;1;0.09947559308743703
d0ca624d82a279ec78bf87a827fb84bb;Aggregate -> Gather Merge -> Aggregate -> Sort -> Hash Join -> [Nested Loop -> [Hash Join -> [Seq Scan (Outer), Hash -> Hash Join -> [Seq Scan (Outer), Hash -> Hash Join (Outer) (Inner)] (Outer) (Inner)] (Outer), Index Scan (Inner)] (Outer), Hash -> Seq Scan (Outer) (Inner)] (Outer) (Outer) (Outer) (Outer);11;16;24;1;0.028394460275783573
d21d6eb9f22b6a9051f48bb729f48b05;Sort -> Aggregate -> Gather Merge -> Aggregate -> Sort -> Hash Join -> [Nested Loop -> [Hash Join -> [Seq Scan (Outer), Hash -> Hash Join -> [Seq Scan (Outer), Hash (Inner)] (Outer) (Inner)] (Outer), Index Scan (Inner)] (Outer), Hash -> Seq Scan (Outer) (Inner)] (Outer) (Outer) (Outer) (Outer) (Outer);11;16;24;1;0.05140779459200354
f27bf3b821ae35733ab2d5dd171b44e4;Limit -> Sort -> Aggregate -> Gather Merge -> Incremental Sort -> Nested Loop -> [Merge Join -> [Sort -> Hash Join -> [Seq Scan (Outer), Hash -> Aggregate -> Index Scan (Outer) (Outer) (Inner)] (Outer) (Outer), Sort -> Seq Scan (Outer) (Inner)] (Outer), Index Scan (Inner)] (Outer) (Outer) (Outer) (Outer) (Outer);12;16;24;1;0.31179423968803177
19fc9abd3f2260bf8f46b0dab4a69708;Nested Loop -> [Hash Join -> [Nested Loop -> [Hash Join -> [Seq Scan (Outer), Hash -> Hash Join -> [Seq Scan (Outer), Hash -> Hash Join -> [Seq Scan (Outer), Hash -> Seq Scan (Outer) (Inner)] (Outer) (Inner)] (Outer) (Inner)] (Outer), Index Scan (Inner)] (Outer), Hash -> Seq Scan (Outer) (Inner)] (Outer), Index Scan (Inner)];10;17;24;1;0.05663270498748344
1d069442ae430d47977968200278fd80;Sort -> Hash Join -> [Nested Loop -> [Hash Join -> [Nested Loop -> [Hash Join -> [Seq Scan (Outer), Hash -> Hash Join -> [Seq Scan (Outer), Hash (Inner)] (Outer) (Inner)] (Outer), Index Scan (Inner)] (Outer), Hash -> Seq Scan (Outer) (Inner)] (Outer), Index Scan (Inner)] (Outer), Hash -> Seq Scan (Outer) (Inner)] (Outer);9;17;24;1;0.0999931528305777
1ec32e3e9b12f73885b1d84052d76f32;Gather Merge -> Sort -> Hash Join -> [Nested Loop -> [Hash Join -> [Seq Scan (Outer), Hash -> Hash Join -> [Seq Scan (Outer), Hash -> Seq Scan (Outer) (Inner)] (Outer) (Inner)] (Outer), Index Scan (Inner)] (Outer), Hash -> Hash Join -> [Seq Scan (Outer), Hash -> Seq Scan (Outer) (Inner)] (Outer) (Inner)] (Outer) (Outer);9;17;24;1;0.05995796058710417
255215ee36474e409278f2565d53dc3c;Sort -> Aggregate -> Gather Merge -> Aggregate -> Sort -> Hash Join -> [Nested Loop -> [Hash Join -> [Seq Scan (Outer), Hash -> Hash Join -> [Seq Scan (Outer), Hash -> Hash Join (Outer) (Inner)] (Outer) (Inner)] (Outer), Index Scan (Inner)] (Outer), Hash -> Seq Scan (Outer) (Inner)] (Outer) (Outer) (Outer) (Outer) (Outer);12;17;24;1;0.05140779459200354
7d401e23dfe07d0e74a4bf9ef1c7778f;Aggregate -> Sort -> Hash Join -> [Nested Loop -> [Hash Join -> [Seq Scan (Outer), Hash -> Hash Join -> [Seq Scan (Outer), Hash -> Hash Join -> [Seq Scan (Outer), Hash -> Seq Scan (Outer) (Inner)] (Outer) (Inner)] (Outer) (Inner)] (Outer), Index Scan (Inner)] (Outer), Hash -> Seq Scan (Outer) (Inner)] (Outer) (Outer);11;17;24;1;0.014642019234485415
8b7a3d08273ac8d7f8eac361abf85ac6;Gather Merge -> Aggregate -> Sort -> Hash Join -> [Nested Loop -> [Hash Join -> [Seq Scan (Outer), Hash -> Hash Join -> [Seq Scan (Outer), Hash -> Hash Join -> [Seq Scan (Outer), Hash (Inner)] (Outer) (Inner)] (Outer) (Inner)] (Outer), Index Scan (Inner)] (Outer), Hash -> Seq Scan (Outer) (Inner)] (Outer) (Outer) (Outer);11;17;24;1;0.04262889365776105
9d0b7ec3b6aa971207c3520304e3b7a0;Aggregate -> Gather Merge -> Sort -> Hash Join -> [Nested Loop -> [Hash Join -> [Seq Scan (Outer), Hash -> Hash Join -> [Seq Scan (Outer), Hash (Inner)] (Outer) (Inner)] (Outer), Index Scan (Inner)] (Outer), Hash -> Hash Join -> [Seq Scan (Outer), Hash -> Seq Scan (Outer) (Inner)] (Outer) (Inner)] (Outer) (Outer) (Outer);9;17;24;1;0.08052044501846545
b659e5bf03157c05da7ff2fa3c6c0032;Aggregate -> Gather Merge -> Sort -> Hash Join -> [Nested Loop -> [Hash Join -> [Nested Loop -> [Hash Join -> [Seq Scan (Outer), Hash -> Hash Join (Outer) (Inner)] (Outer), Index Scan (Inner)] (Outer), Hash -> Seq Scan (Outer) (Inner)] (Outer), Index Scan (Inner)] (Outer), Hash -> Seq Scan (Outer) (Inner)] (Outer) (Outer) (Outer);10;17;24;1;0.09947559308743703
cee0b988a9f6bcbba0fdbc137925513c;Hash Join -> [Nested Loop -> [Hash Join -> [Nested Loop -> [Hash Join -> [Seq Scan (Outer), Hash -> Hash Join -> [Seq Scan (Outer), Hash -> Hash Join (Outer) (Inner)] (Outer) (Inner)] (Outer), Index Scan (Inner)] (Outer), Hash -> Seq Scan (Outer) (Inner)] (Outer), Index Scan (Inner)] (Outer), Hash -> Seq Scan (Outer) (Inner)];9;17;24;1;0.08336590088287728
1b84acf9b474b5fce7b7f4409fa5bd56;Gather Merge -> Aggregate -> Sort -> Hash Join -> [Nested Loop -> [Hash Join -> [Seq Scan (Outer), Hash -> Hash Join -> [Seq Scan (Outer), Hash -> Hash Join -> [Seq Scan (Outer), Hash -> Seq Scan (Outer) (Inner)] (Outer) (Inner)] (Outer) (Inner)] (Outer), Index Scan (Inner)] (Outer), Hash -> Seq Scan (Outer) (Inner)] (Outer) (Outer) (Outer);12;18;24;1;0.04262889365776105
b7143fa775bc8083e4c3241cdb4df1f2;Aggregate -> Gather Merge -> Aggregate -> Sort -> Hash Join -> [Nested Loop -> [Hash Join -> [Seq Scan (Outer), Hash -> Hash Join -> [Seq Scan (Outer), Hash -> Hash Join -> [Seq Scan (Outer), Hash (Inner)] (Outer) (Inner)] (Outer) (Inner)] (Outer), Index Scan (Inner)] (Outer), Hash -> Seq Scan (Outer) (Inner)] (Outer) (Outer) (Outer) (Outer);12;18;24;1;0.028394460275783573
d00b75d67ce5f629e1a9016be71824f7;Sort -> Hash Join -> [Nested Loop -> [Hash Join -> [Nested Loop -> [Hash Join -> [Seq Scan (Outer), Hash -> Hash Join -> [Seq Scan (Outer), Hash -> Hash Join (Outer) (Inner)] (Outer) (Inner)] (Outer), Index Scan (Inner)] (Outer), Hash -> Seq Scan (Outer) (Inner)] (Outer), Index Scan (Inner)] (Outer), Hash -> Seq Scan (Outer) (Inner)] (Outer);10;18;24;1;0.0999931528305777
e31c99cb014abaeb72153112babae439;Gather Merge -> Sort -> Hash Join -> [Nested Loop -> [Hash Join -> [Nested Loop -> [Hash Join -> [Seq Scan (Outer), Hash -> Hash Join -> [Seq Scan (Outer), Hash (Inner)] (Outer) (Inner)] (Outer), Index Scan (Inner)] (Outer), Hash -> Seq Scan (Outer) (Inner)] (Outer), Index Scan (Inner)] (Outer), Hash -> Seq Scan (Outer) (Inner)] (Outer) (Outer);10;18;24;1;0.08241250083960384
e7dc2e6a584758732627b97e06a5147e;Aggregate -> Gather Merge -> Sort -> Hash Join -> [Nested Loop -> [Hash Join -> [Seq Scan (Outer), Hash -> Hash Join -> [Seq Scan (Outer), Hash -> Seq Scan (Outer) (Inner)] (Outer) (Inner)] (Outer), Index Scan (Inner)] (Outer), Hash -> Hash Join -> [Seq Scan (Outer), Hash -> Seq Scan (Outer) (Inner)] (Outer) (Inner)] (Outer) (Outer) (Outer);10;18;24;1;0.08052044501846545
2b345df91ee63631094adc0263156d31;Aggregate -> Gather Merge -> Aggregate -> Sort -> Hash Join -> [Nested Loop -> [Hash Join -> [Seq Scan (Outer), Hash -> Hash Join -> [Seq Scan (Outer), Hash -> Hash Join -> [Seq Scan (Outer), Hash -> Seq Scan (Outer) (Inner)] (Outer) (Inner)] (Outer) (Inner)] (Outer), Index Scan (Inner)] (Outer), Hash -> Seq Scan (Outer) (Inner)] (Outer) (Outer) (Outer) (Outer);13;19;24;1;0.028394460275783573
50ace8088282f8432f515c44fc85aaf9;Gather Merge -> Sort -> Hash Join -> [Nested Loop -> [Hash Join -> [Nested Loop -> [Hash Join -> [Seq Scan (Outer), Hash -> Hash Join -> [Seq Scan (Outer), Hash -> Hash Join (Outer) (Inner)] (Outer) (Inner)] (Outer), Index Scan (Inner)] (Outer), Hash -> Seq Scan (Outer) (Inner)] (Outer), Index Scan (Inner)] (Outer), Hash -> Seq Scan (Outer) (Inner)] (Outer) (Outer);11;19;24;1;0.08241250083960384
910f6702c0848cc0223cb958c59c825e;Hash Join -> [Nested Loop -> [Hash Join -> [Nested Loop -> [Hash Join -> [Seq Scan (Outer), Hash -> Hash Join -> [Seq Scan (Outer), Hash -> Hash Join -> [Seq Scan (Outer), Hash (Inner)] (Outer) (Inner)] (Outer) (Inner)] (Outer), Index Scan (Inner)] (Outer), Hash -> Seq Scan (Outer) (Inner)] (Outer), Index Scan (Inner)] (Outer), Hash -> Seq Scan (Outer) (Inner)];10;19;24;1;0.08336590088287728
96f339c9973c0635d92900ac898f58fd;Aggregate -> Gather Merge -> Sort -> Hash Join -> [Nested Loop -> [Hash Join -> [Nested Loop -> [Hash Join -> [Seq Scan (Outer), Hash -> Hash Join -> [Seq Scan (Outer), Hash (Inner)] (Outer) (Inner)] (Outer), Index Scan (Inner)] (Outer), Hash -> Seq Scan (Outer) (Inner)] (Outer), Index Scan (Inner)] (Outer), Hash -> Seq Scan (Outer) (Inner)] (Outer) (Outer) (Outer);11;19;24;1;0.09947559308743703
d959dddbe2f1d9e07526f44096b6a34b;Sort -> Aggregate -> Gather Merge -> Aggregate -> Sort -> Hash Join -> [Nested Loop -> [Hash Join -> [Seq Scan (Outer), Hash -> Hash Join -> [Seq Scan (Outer), Hash -> Hash Join -> [Seq Scan (Outer), Hash (Inner)] (Outer) (Inner)] (Outer) (Inner)] (Outer), Index Scan (Inner)] (Outer), Hash -> Seq Scan (Outer) (Inner)] (Outer) (Outer) (Outer) (Outer) (Outer);13;19;24;1;0.05140779459200354
06857491db5b0bbfd41351dd93b2b88a;Sort -> Hash Join -> [Nested Loop -> [Hash Join -> [Nested Loop -> [Hash Join -> [Seq Scan (Outer), Hash -> Hash Join -> [Seq Scan (Outer), Hash -> Hash Join -> [Seq Scan (Outer), Hash (Inner)] (Outer) (Inner)] (Outer) (Inner)] (Outer), Index Scan (Inner)] (Outer), Hash -> Seq Scan (Outer) (Inner)] (Outer), Index Scan (Inner)] (Outer), Hash -> Seq Scan (Outer) (Inner)] (Outer);11;20;24;1;0.0999931528305777
9b77a70efd978577f34eb9caed6a17d0;Aggregate -> Gather Merge -> Sort -> Hash Join -> [Nested Loop -> [Hash Join -> [Nested Loop -> [Hash Join -> [Seq Scan (Outer), Hash -> Hash Join -> [Seq Scan (Outer), Hash -> Hash Join (Outer) (Inner)] (Outer) (Inner)] (Outer), Index Scan (Inner)] (Outer), Hash -> Seq Scan (Outer) (Inner)] (Outer), Index Scan (Inner)] (Outer), Hash -> Seq Scan (Outer) (Inner)] (Outer) (Outer) (Outer);12;20;24;1;0.09947559308743703
de57e0e829f472ac6b18573dbc578fab;Sort -> Aggregate -> Gather Merge -> Aggregate -> Sort -> Hash Join -> [Nested Loop -> [Hash Join -> [Seq Scan (Outer), Hash -> Hash Join -> [Seq Scan (Outer), Hash -> Hash Join -> [Seq Scan (Outer), Hash -> Seq Scan (Outer) (Inner)] (Outer) (Inner)] (Outer) (Inner)] (Outer), Index Scan (Inner)] (Outer), Hash -> Seq Scan (Outer) (Inner)] (Outer) (Outer) (Outer) (Outer) (Outer);14;20;24;1;0.05140779459200354
fb7bcc0c66dec0e78e9de476f57997e8;Hash Join -> [Nested Loop -> [Hash Join -> [Nested Loop -> [Hash Join -> [Seq Scan (Outer), Hash -> Hash Join -> [Seq Scan (Outer), Hash -> Hash Join -> [Seq Scan (Outer), Hash -> Seq Scan (Outer) (Inner)] (Outer) (Inner)] (Outer) (Inner)] (Outer), Index Scan (Inner)] (Outer), Hash -> Seq Scan (Outer) (Inner)] (Outer), Index Scan (Inner)] (Outer), Hash -> Seq Scan (Outer) (Inner)];11;20;24;1;0.08336590088287728
860d9d3aa2b8a02600ab7d965df3e5c7;Gather Merge -> Sort -> Hash Join -> [Nested Loop -> [Hash Join -> [Nested Loop -> [Hash Join -> [Seq Scan (Outer), Hash -> Hash Join -> [Seq Scan (Outer), Hash -> Hash Join -> [Seq Scan (Outer), Hash (Inner)] (Outer) (Inner)] (Outer) (Inner)] (Outer), Index Scan (Inner)] (Outer), Hash -> Seq Scan (Outer) (Inner)] (Outer), Index Scan (Inner)] (Outer), Hash -> Seq Scan (Outer) (Inner)] (Outer) (Outer);12;21;24;1;0.08241250083960384
8febc6670d69279d751868b07c60227d;Sort -> Hash Join -> [Nested Loop -> [Hash Join -> [Nested Loop -> [Hash Join -> [Seq Scan (Outer), Hash -> Hash Join -> [Seq Scan (Outer), Hash -> Hash Join -> [Seq Scan (Outer), Hash -> Seq Scan (Outer) (Inner)] (Outer) (Inner)] (Outer) (Inner)] (Outer), Index Scan (Inner)] (Outer), Hash -> Seq Scan (Outer) (Inner)] (Outer), Index Scan (Inner)] (Outer), Hash -> Seq Scan (Outer) (Inner)] (Outer);12;21;24;1;0.0999931528305777
264d1e57ebe09648d7e17a44e84f3bf7;Aggregate -> Gather Merge -> Sort -> Hash Join -> [Nested Loop -> [Hash Join -> [Nested Loop -> [Hash Join -> [Seq Scan (Outer), Hash -> Hash Join -> [Seq Scan (Outer), Hash -> Hash Join -> [Seq Scan (Outer), Hash (Inner)] (Outer) (Inner)] (Outer) (Inner)] (Outer), Index Scan (Inner)] (Outer), Hash -> Seq Scan (Outer) (Inner)] (Outer), Index Scan (Inner)] (Outer), Hash -> Seq Scan (Outer) (Inner)] (Outer) (Outer) (Outer);13;22;24;1;0.09947559308743703
ffc3be98b21b4b9832d2a01676c1affc;Gather Merge -> Sort -> Hash Join -> [Nested Loop -> [Hash Join -> [Nested Loop -> [Hash Join -> [Seq Scan (Outer), Hash -> Hash Join -> [Seq Scan (Outer), Hash -> Hash Join -> [Seq Scan (Outer), Hash -> Seq Scan (Outer) (Inner)] (Outer) (Inner)] (Outer) (Inner)] (Outer), Index Scan (Inner)] (Outer), Hash -> Seq Scan (Outer) (Inner)] (Outer), Index Scan (Inner)] (Outer), Hash -> Seq Scan (Outer) (Inner)] (Outer) (Outer);13;22;24;1;0.08241250083960384
acd22c740d04604bd24ef8f99aea94d3;Aggregate -> Gather Merge -> Sort -> Hash Join -> [Nested Loop -> [Hash Join -> [Nested Loop -> [Hash Join -> [Seq Scan (Outer), Hash -> Hash Join -> [Seq Scan (Outer), Hash -> Hash Join -> [Seq Scan (Outer), Hash -> Seq Scan (Outer) (Inner)] (Outer) (Inner)] (Outer) (Inner)] (Outer), Index Scan (Inner)] (Outer), Hash -> Seq Scan (Outer) (Inner)] (Outer), Index Scan (Inner)] (Outer), Hash -> Seq Scan (Outer) (Inner)] (Outer) (Outer) (Outer);14;23;24;1;0.09947559308743703
3ac23d418a76602fef1645cca426d0a9;Gather -> Aggregate -> Nested Loop (Outer) (Outer);3;3;20;1;0.18597599868275755
0405d50f69713e0bbda5bc720b56a392;Aggregate -> Gather -> Aggregate -> Nested Loop (Outer) (Outer) (Outer);4;4;20;1;0.1872526602480688
4251e9b4780c3de5fa6cfd046f2200ba;Aggregate -> Nested Loop -> [Hash Join (Outer), Index Scan (Inner)] (Outer);3;4;20;1;0.06270432718244896
43da7031abcd636531065f7e93e03c18;Gather -> Aggregate -> Nested Loop -> [Hash Join (Outer), Index Scan (Inner)] (Outer) (Outer);4;5;20;1;0.18597599868275755
a70c5941db2b026a2a5fe5f83513506e;Sort -> Aggregate -> Gather -> Aggregate -> Nested Loop (Outer) (Outer) (Outer) (Outer);5;5;20;1;0.06668077759639847
69ec2c4ae43da731ce211b0e4943b0a3;Aggregate -> Nested Loop -> [Hash Join -> [Seq Scan (Outer), Hash (Inner)] (Outer), Index Scan (Inner)] (Outer);4;6;20;1;0.06270432718244896
6e1ec34127080a14c11664523f3f1f83;Aggregate -> Gather -> Aggregate -> Nested Loop -> [Hash Join (Outer), Index Scan (Inner)] (Outer) (Outer) (Outer);5;6;20;1;0.1872526602480688
6b2db56dfda52c5117c2df6cea40039d;Aggregate -> Nested Loop -> [Hash Join -> [Seq Scan (Outer), Hash -> Hash Join (Outer) (Inner)] (Outer), Index Scan (Inner)] (Outer);5;7;20;1;0.06270432718244896
a4e256030a9ac8ea5f71300e47a6a33d;Gather -> Aggregate -> Nested Loop -> [Hash Join -> [Seq Scan (Outer), Hash (Inner)] (Outer), Index Scan (Inner)] (Outer) (Outer);5;7;20;1;0.18597599868275755
e9a32a5c6e8fad4ada7453b039684535;Sort -> Aggregate -> Gather -> Aggregate -> Nested Loop -> [Hash Join (Outer), Index Scan (Inner)] (Outer) (Outer) (Outer) (Outer);6;7;20;1;0.06668077759639847
51640d133d5920161c6394ba92f0fd70;Aggregate -> Gather -> Aggregate -> Nested Loop -> [Hash Join -> [Seq Scan (Outer), Hash (Inner)] (Outer), Index Scan (Inner)] (Outer) (Outer) (Outer);6;8;20;1;0.1872526602480688
6ac77a36ca8159eb1703724b22401afe;Gather -> Aggregate -> Nested Loop -> [Hash Join -> [Seq Scan (Outer), Hash -> Hash Join (Outer) (Inner)] (Outer), Index Scan (Inner)] (Outer) (Outer);6;8;20;1;0.18597599868275755
7b7172dcdef6f4acfcc51206f970a9f0;Nested Loop -> [Hash Join -> [Seq Scan (Outer), Hash -> Hash Join -> [Hash Join (Outer), Hash (Inner)] (Outer) (Inner)] (Outer), Index Scan (Inner)];5;8;20;1;0.026268123782754338
366e9db51c96cfb09692182a1a606bdc;Aggregate -> Gather -> Aggregate -> Nested Loop -> [Hash Join -> [Seq Scan (Outer), Hash -> Hash Join (Outer) (Inner)] (Outer), Index Scan (Inner)] (Outer) (Outer) (Outer);7;9;20;1;0.1872526602480688
7378d2b2573056f1e08f749a000d4748;Aggregate -> Nested Loop -> [Hash Join -> [Seq Scan (Outer), Hash -> Hash Join -> [Hash Join (Outer), Hash (Inner)] (Outer) (Inner)] (Outer), Index Scan (Inner)] (Outer);6;9;20;1;0.06270432718244896
9e77098174f780bb4872f184c52a755c;Sort -> Aggregate -> Gather -> Aggregate -> Nested Loop -> [Hash Join -> [Seq Scan (Outer), Hash (Inner)] (Outer), Index Scan (Inner)] (Outer) (Outer) (Outer) (Outer);7;9;20;1;0.06668077759639847
d60fddc62c0720a20a8faadadb17ff26;Gather -> Aggregate -> Nested Loop -> [Hash Join -> [Seq Scan (Outer), Hash -> Hash Join -> [Hash Join (Outer), Hash (Inner)] (Outer) (Inner)] (Outer), Index Scan (Inner)] (Outer) (Outer);7;10;20;1;0.18597599868275755
d8d0a254a9434645b5eff0fd225db4e8;Sort -> Aggregate -> Gather -> Aggregate -> Nested Loop -> [Hash Join -> [Seq Scan (Outer), Hash -> Hash Join (Outer) (Inner)] (Outer), Index Scan (Inner)] (Outer) (Outer) (Outer) (Outer);8;10;20;1;0.06668077759639847
3dbdd75b2e68f57812702c03947e298f;Nested Loop -> [Hash Join -> [Seq Scan (Outer), Hash -> Hash Join -> [Hash Join -> [Nested Loop (Outer), Hash (Inner)] (Outer), Hash -> Seq Scan (Outer) (Inner)] (Outer) (Inner)] (Outer), Index Scan (Inner)];6;11;20;1;0.026268123782754338
88dc07c30103ef46c08c9e741b7d99b7;Aggregate -> Gather -> Aggregate -> Nested Loop -> [Hash Join -> [Seq Scan (Outer), Hash -> Hash Join -> [Hash Join (Outer), Hash (Inner)] (Outer) (Inner)] (Outer), Index Scan (Inner)] (Outer) (Outer) (Outer);8;11;20;1;0.1872526602480688
2af8b806fffb50f7aceed8c90820f090;Aggregate -> Nested Loop -> [Hash Join -> [Seq Scan (Outer), Hash -> Hash Join -> [Hash Join -> [Nested Loop (Outer), Hash (Inner)] (Outer), Hash -> Seq Scan (Outer) (Inner)] (Outer) (Inner)] (Outer), Index Scan (Inner)] (Outer);7;12;20;1;0.06270432718244896
4d81a89df5e923042f3e4d0868013223;Sort -> Aggregate -> Gather -> Aggregate -> Nested Loop -> [Hash Join -> [Seq Scan (Outer), Hash -> Hash Join -> [Hash Join (Outer), Hash (Inner)] (Outer) (Inner)] (Outer), Index Scan (Inner)] (Outer) (Outer) (Outer) (Outer);9;12;20;1;0.06668077759639847
75cf2f597931093fe9a07ef44a0b5bb0;Gather -> Aggregate -> Nested Loop -> [Hash Join -> [Seq Scan (Outer), Hash -> Hash Join -> [Hash Join -> [Nested Loop (Outer), Hash (Inner)] (Outer), Hash -> Seq Scan (Outer) (Inner)] (Outer) (Inner)] (Outer), Index Scan (Inner)] (Outer) (Outer);8;13;20;1;0.18597599868275755
c94fcfda612e31c14dfe946c2ef46af4;Aggregate -> Gather -> Aggregate -> Nested Loop -> [Hash Join -> [Seq Scan (Outer), Hash -> Hash Join -> [Hash Join -> [Nested Loop (Outer), Hash (Inner)] (Outer), Hash -> Seq Scan (Outer) (Inner)] (Outer) (Inner)] (Outer), Index Scan (Inner)] (Outer) (Outer) (Outer);9;14;20;1;0.1872526602480688
dc9f4b49504a1669d5a585c7c00a9f5e;Nested Loop -> [Hash Join -> [Seq Scan (Outer), Hash -> Hash Join -> [Hash Join -> [Nested Loop -> [Seq Scan (Outer), Index Scan (Inner)] (Outer), Hash -> Seq Scan (Outer) (Inner)] (Outer), Hash -> Seq Scan (Outer) (Inner)] (Outer) (Inner)] (Outer), Index Scan (Inner)];7;14;20;1;0.026268123782754338
5305e2e55982e9cf55dbd5d2c3693a1d;Aggregate -> Nested Loop -> [Hash Join -> [Seq Scan (Outer), Hash -> Hash Join -> [Hash Join -> [Nested Loop -> [Seq Scan (Outer), Index Scan (Inner)] (Outer), Hash -> Seq Scan (Outer) (Inner)] (Outer), Hash -> Seq Scan (Outer) (Inner)] (Outer) (Inner)] (Outer), Index Scan (Inner)] (Outer);8;15;20;1;0.06270432718244896
76ab422a31691c6b6ed0e04d2c6583ca;Sort -> Aggregate -> Gather -> Aggregate -> Nested Loop -> [Hash Join -> [Seq Scan (Outer), Hash -> Hash Join -> [Hash Join -> [Nested Loop (Outer), Hash (Inner)] (Outer), Hash -> Seq Scan (Outer) (Inner)] (Outer) (Inner)] (Outer), Index Scan (Inner)] (Outer) (Outer) (Outer) (Outer);10;15;20;1;0.06668077759639847
f17356e61fb1294774774f8323a64ad6;Gather -> Aggregate -> Nested Loop -> [Hash Join -> [Seq Scan (Outer), Hash -> Hash Join -> [Hash Join -> [Nested Loop -> [Seq Scan (Outer), Index Scan (Inner)] (Outer), Hash -> Seq Scan (Outer) (Inner)] (Outer), Hash -> Seq Scan (Outer) (Inner)] (Outer) (Inner)] (Outer), Index Scan (Inner)] (Outer) (Outer);9;16;20;1;0.18597599868275755
1c7aa67e01bc01b1581997d61e1e3ed2;Aggregate -> Gather -> Aggregate -> Nested Loop -> [Hash Join -> [Seq Scan (Outer), Hash -> Hash Join -> [Hash Join -> [Nested Loop -> [Seq Scan (Outer), Index Scan (Inner)] (Outer), Hash -> Seq Scan (Outer) (Inner)] (Outer), Hash -> Seq Scan (Outer) (Inner)] (Outer) (Inner)] (Outer), Index Scan (Inner)] (Outer) (Outer) (Outer);10;17;20;1;0.1872526602480688
f1e59da52fc71e4342d425264e7a000a;Sort -> Aggregate -> Gather -> Aggregate -> Nested Loop -> [Hash Join -> [Seq Scan (Outer), Hash -> Hash Join -> [Hash Join -> [Nested Loop -> [Seq Scan (Outer), Index Scan (Inner)] (Outer), Hash -> Seq Scan (Outer) (Inner)] (Outer), Hash -> Seq Scan (Outer) (Inner)] (Outer) (Inner)] (Outer), Index Scan (Inner)] (Outer) (Outer) (Outer) (Outer);11;18;20;1;0.06668077759639847
7542faeb20f835fcecccf4efc5140cb4;Aggregate -> Hash Join -> [Seq Scan (Outer), Hash -> Hash Join (Outer) (Inner)] (Outer);4;5;4;1;0.2889125295339716
8951754fdbae5e0bc5fb971b6c48337d;Sort -> Aggregate -> Gather -> Aggregate -> Hash Join (Outer) (Outer) (Outer) (Outer);5;5;4;1;0.1293740423947628
10ed8951d846d6b45bbf4d6164a79b1d;Gather -> Aggregate -> Hash Join -> [Seq Scan (Outer), Hash -> Hash Join (Outer) (Inner)] (Outer) (Outer);5;6;4;1;0.27489073543537323
06fbc7948bfdbb823a43beb87178bb8c;Hash -> Hash Join -> [Seq Scan (Outer), Hash -> Hash Join -> [Hash Join (Outer), Hash (Inner)] (Outer) (Inner)] (Outer);5;7;4;1;0.8155507303392577
5891ae15de964d41bbc72e50ea03b118;Aggregate -> Hash Join -> [Seq Scan (Outer), Hash -> Hash Join -> [Seq Scan (Outer), Hash (Inner)] (Outer) (Inner)] (Outer);5;7;4;1;0.2889125295339716
d0331b81d73f4f131f1d94ae4b6bdd3b;Aggregate -> Gather -> Aggregate -> Hash Join -> [Seq Scan (Outer), Hash -> Hash Join (Outer) (Inner)] (Outer) (Outer) (Outer);6;7;4;1;0.2549978959991607
e92539eea8fcfde0dcf56b59a9a6371c;Sort -> Aggregate -> Gather -> Aggregate -> Hash Join -> [Seq Scan (Outer), Hash (Inner)] (Outer) (Outer) (Outer) (Outer);6;7;4;1;0.1293740423947628
4ecd02f70ddb34132b6e7e6fc962d480;Gather -> Aggregate -> Hash Join -> [Seq Scan (Outer), Hash -> Hash Join -> [Seq Scan (Outer), Hash (Inner)] (Outer) (Inner)] (Outer) (Outer);6;8;4;1;0.27489073543537323
c57cb4bb5b40b56086ea3646c0efa736;Aggregate -> Hash Join -> [Seq Scan (Outer), Hash -> Hash Join -> [Seq Scan (Outer), Hash -> Hash Join (Outer) (Inner)] (Outer) (Inner)] (Outer);6;8;4;1;0.2889125295339716
fa5db8b6a01947c01df8a422fa052c0f;Sort -> Aggregate -> Gather -> Aggregate -> Hash Join -> [Seq Scan (Outer), Hash -> Hash Join (Outer) (Inner)] (Outer) (Outer) (Outer) (Outer);7;8;4;1;0.1293740423947628
2bac8e6eb00c8f1156a647c319ab9bcb;Aggregate -> Gather -> Aggregate -> Hash Join -> [Seq Scan (Outer), Hash -> Hash Join -> [Seq Scan (Outer), Hash (Inner)] (Outer) (Inner)] (Outer) (Outer) (Outer);7;9;4;1;0.2549978959991607
2eaabdb6537cc054d17a6595c0228e51;Gather -> Aggregate -> Hash Join -> [Seq Scan (Outer), Hash -> Hash Join -> [Seq Scan (Outer), Hash -> Hash Join (Outer) (Inner)] (Outer) (Inner)] (Outer) (Outer);7;9;4;1;0.27489073543537323
9adbbadc73f7b5b039279e7949b9e7bc;Hash Join -> [Seq Scan (Outer), Hash -> Hash Join -> [Seq Scan (Outer), Hash -> Hash Join -> [Hash Join (Outer), Hash (Inner)] (Outer) (Inner)] (Outer) (Inner)];6;9;4;1;0.5406149857304079
57d290cd84c98181d5978073f0cb5e88;Sort -> Aggregate -> Gather -> Aggregate -> Hash Join -> [Seq Scan (Outer), Hash -> Hash Join -> [Seq Scan (Outer), Hash (Inner)] (Outer) (Inner)] (Outer) (Outer) (Outer) (Outer);8;10;4;1;0.1293740423947628
59d2ec4963d6d994989e4a68f21f4016;Hash -> Hash Join -> [Seq Scan (Outer), Hash -> Hash Join -> [Hash Join -> [Nested Loop (Outer), Hash (Inner)] (Outer), Hash -> Seq Scan (Outer) (Inner)] (Outer) (Inner)] (Outer);6;10;4;1;0.8155507303392577
6b3fb9609ae105bc396c9b29f961ee5a;Aggregate -> Hash Join -> [Seq Scan (Outer), Hash -> Hash Join -> [Seq Scan (Outer), Hash -> Hash Join -> [Hash Join (Outer), Hash (Inner)] (Outer) (Inner)] (Outer) (Inner)] (Outer);7;10;4;1;0.2889125295339716
8259bae3502082d3cf231dc9258981dd;Aggregate -> Gather -> Aggregate -> Hash Join -> [Seq Scan (Outer), Hash -> Hash Join -> [Seq Scan (Outer), Hash -> Hash Join (Outer) (Inner)] (Outer) (Inner)] (Outer) (Outer) (Outer);8;10;4;1;0.2549978959991607
6e9566a03611571d03ae946b4c479a65;Sort -> Aggregate -> Gather -> Aggregate -> Hash Join -> [Seq Scan (Outer), Hash -> Hash Join -> [Seq Scan (Outer), Hash -> Hash Join (Outer) (Inner)] (Outer) (Inner)] (Outer) (Outer) (Outer) (Outer);9;11;4;1;0.1293740423947628
eb55f880eeed2b660c5d50a6fabb0034;Gather -> Aggregate -> Hash Join -> [Seq Scan (Outer), Hash -> Hash Join -> [Seq Scan (Outer), Hash -> Hash Join -> [Hash Join (Outer), Hash (Inner)] (Outer) (Inner)] (Outer) (Inner)] (Outer) (Outer);8;11;4;1;0.27489073543537323
4021e47f4dddd3531dfd8be6badf655c;Aggregate -> Gather -> Aggregate -> Hash Join -> [Seq Scan (Outer), Hash -> Hash Join -> [Seq Scan (Outer), Hash -> Hash Join -> [Hash Join (Outer), Hash (Inner)] (Outer) (Inner)] (Outer) (Inner)] (Outer) (Outer) (Outer);9;12;4;1;0.2549978959991607
9a16eb415b3aa94acc486c05444ec7b1;Hash Join -> [Seq Scan (Outer), Hash -> Hash Join -> [Seq Scan (Outer), Hash -> Hash Join -> [Hash Join -> [Nested Loop (Outer), Hash (Inner)] (Outer), Hash -> Seq Scan (Outer) (Inner)] (Outer) (Inner)] (Outer) (Inner)];7;12;4;1;0.5406149857304079
5968661edffd04a53fe6674f373c467a;Sort -> Aggregate -> Gather -> Aggregate -> Hash Join -> [Seq Scan (Outer), Hash -> Hash Join -> [Seq Scan (Outer), Hash -> Hash Join -> [Hash Join (Outer), Hash (Inner)] (Outer) (Inner)] (Outer) (Inner)] (Outer) (Outer) (Outer) (Outer);10;13;4;1;0.1293740423947628
d3455a225d29d2b011d2c436055c52fa;Aggregate -> Hash Join -> [Seq Scan (Outer), Hash -> Hash Join -> [Seq Scan (Outer), Hash -> Hash Join -> [Hash Join -> [Nested Loop (Outer), Hash (Inner)] (Outer), Hash -> Seq Scan (Outer) (Inner)] (Outer) (Inner)] (Outer) (Inner)] (Outer);8;13;4;1;0.2889125295339716
d8ffcf0cf90c55de2c3d1a1f349d94a0;Hash -> Hash Join -> [Seq Scan (Outer), Hash -> Hash Join -> [Hash Join -> [Nested Loop -> [Seq Scan (Outer), Index Scan (Inner)] (Outer), Hash -> Seq Scan (Outer) (Inner)] (Outer), Hash -> Seq Scan (Outer) (Inner)] (Outer) (Inner)] (Outer);7;13;4;1;0.8155507303392577
9627c015b5b67f6f10602441bb2450ac;Gather -> Aggregate -> Hash Join -> [Seq Scan (Outer), Hash -> Hash Join -> [Seq Scan (Outer), Hash -> Hash Join -> [Hash Join -> [Nested Loop (Outer), Hash (Inner)] (Outer), Hash -> Seq Scan (Outer) (Inner)] (Outer) (Inner)] (Outer) (Inner)] (Outer) (Outer);9;14;4;1;0.27489073543537323
45a7803764361d725e6a8a1ea05ee082;Aggregate -> Gather -> Aggregate -> Hash Join -> [Seq Scan (Outer), Hash -> Hash Join -> [Seq Scan (Outer), Hash -> Hash Join -> [Hash Join -> [Nested Loop (Outer), Hash (Inner)] (Outer), Hash -> Seq Scan (Outer) (Inner)] (Outer) (Inner)] (Outer) (Inner)] (Outer) (Outer) (Outer);10;15;4;1;0.2549978959991607
f01db5fea24e5fb53782530ad39f3778;Hash Join -> [Seq Scan (Outer), Hash -> Hash Join -> [Seq Scan (Outer), Hash -> Hash Join -> [Hash Join -> [Nested Loop -> [Seq Scan (Outer), Index Scan (Inner)] (Outer), Hash -> Seq Scan (Outer) (Inner)] (Outer), Hash -> Seq Scan (Outer) (Inner)] (Outer) (Inner)] (Outer) (Inner)];8;15;4;1;0.5406149857304079
800ae9e1e61b0c4e437296c1d7d20598;Aggregate -> Hash Join -> [Seq Scan (Outer), Hash -> Hash Join -> [Seq Scan (Outer), Hash -> Hash Join -> [Hash Join -> [Nested Loop -> [Seq Scan (Outer), Index Scan (Inner)] (Outer), Hash -> Seq Scan (Outer) (Inner)] (Outer), Hash -> Seq Scan (Outer) (Inner)] (Outer) (Inner)] (Outer) (Inner)] (Outer);9;16;4;1;0.2889125295339716
a2a9b0578d3bc15a3854ba6b08b6ea4a;Sort -> Aggregate -> Gather -> Aggregate -> Hash Join -> [Seq Scan (Outer), Hash -> Hash Join -> [Seq Scan (Outer), Hash -> Hash Join -> [Hash Join -> [Nested Loop (Outer), Hash (Inner)] (Outer), Hash -> Seq Scan (Outer) (Inner)] (Outer) (Inner)] (Outer) (Inner)] (Outer) (Outer) (Outer) (Outer);11;16;4;1;0.1293740423947628
ec6765c4826887ce11b3f26ad4b372d9;Gather -> Aggregate -> Hash Join -> [Seq Scan (Outer), Hash -> Hash Join -> [Seq Scan (Outer), Hash -> Hash Join -> [Hash Join -> [Nested Loop -> [Seq Scan (Outer), Index Scan (Inner)] (Outer), Hash -> Seq Scan (Outer) (Inner)] (Outer), Hash -> Seq Scan (Outer) (Inner)] (Outer) (Inner)] (Outer) (Inner)] (Outer) (Outer);10;17;4;1;0.27489073543537323
c65a77da93bb95c9fdc9391a204dbf6d;Aggregate -> Gather -> Aggregate -> Hash Join -> [Seq Scan (Outer), Hash -> Hash Join -> [Seq Scan (Outer), Hash -> Hash Join -> [Hash Join -> [Nested Loop -> [Seq Scan (Outer), Index Scan (Inner)] (Outer), Hash -> Seq Scan (Outer) (Inner)] (Outer), Hash -> Seq Scan (Outer) (Inner)] (Outer) (Inner)] (Outer) (Inner)] (Outer) (Outer) (Outer);11;18;4;1;0.2549978959991607
ceeb5cca1eecb4be69e245945b23fedb;Sort -> Aggregate -> Gather -> Aggregate -> Hash Join -> [Seq Scan (Outer), Hash -> Hash Join -> [Seq Scan (Outer), Hash -> Hash Join -> [Hash Join -> [Nested Loop -> [Seq Scan (Outer), Index Scan (Inner)] (Outer), Hash -> Seq Scan (Outer) (Inner)] (Outer), Hash -> Seq Scan (Outer) (Inner)] (Outer) (Inner)] (Outer) (Inner)] (Outer) (Outer) (Outer) (Outer);12;19;4;1;0.1293740423947628
